<?xml version="1.0" encoding="utf-8" ?><dwsync><file name="Bool.php" server="ftp.pileum.com" local="3326760000" remote="2138012784582612032" /><file name="Color.php" server="ftp.pileum.com" local="3326760000" remote="2139326872776496192" /><file name="FrameTarget.php" server="ftp.pileum.com" local="3326760000" remote="2139351285370606656" /><file name="ID.php" server="ftp.pileum.com" local="3326760000" remote="2139357006267044928" /><file name="Length.php" server="ftp.pileum.com" local="3326760000" remote="2139362727163483200" /><file name="LinkTypes.php" server="ftp.pileum.com" local="3326760000" remote="2139368448059921472" /><file name="MultiLength.php" server="ftp.pileum.com" local="3326760000" remote="2139374168956359744" /><file name="Nmtokens.php" server="ftp.pileum.com" local="3326760000" remote="2139379889852798016" /><file name="Pixels.php" server="ftp.pileum.com" local="3326760000" remote="2139385610749236288" /><file name="Bool.php" server="ftp.pileum.com/httpdocs/" local="3326760000" remote="37737424448" /><file name="Color.php" server="ftp.pileum.com/httpdocs/" local="3326760000" remote="42032391744" /><file name="FrameTarget.php" server="ftp.pileum.com/httpdocs/" local="3326760000" remote="67802195520" /><file name="ID.php" server="ftp.pileum.com/httpdocs/" local="3326760000" remote="29147489856" /><file name="Length.php" server="ftp.pileum.com/httpdocs/" local="3326760000" remote="46327359040" /><file name="LinkTypes.php" server="ftp.pileum.com/httpdocs/" local="3326760000" remote="59212260928" /><file name="MultiLength.php" server="ftp.pileum.com/httpdocs/" local="3326760000" remote="67802195520" /><file name="Nmtokens.php" server="ftp.pileum.com/httpdocs/" local="3326760000" remote="54917293632" /><file name="Pixels.php" server="ftp.pileum.com/httpdocs/" local="3326760000" remote="46327359040" /></dwsync>