<?xml version="1.0" encoding="utf-8" ?><dwsync><file name="footer.inc" server="ftp.pileum.com" local="3350955600" remote="2139292547422062160" /><file name="mainnav.inc" server="ftp.pileum.com" local="3276561600" remote="3276561600" /><file name="quick_contact.inc" server="ftp.pileum.com" local="3364835100" remote="2140426178283917084" /><file name="seminar_blurb.inc" server="ftp.pileum.com" local="3267662400" remote="3267662400" /><file name="seminar_sidebar.inc" server="ftp.pileum.com" local="3350955600" remote="2140443340959352400" /><file name="quick_contact_homepage.inc" server="ftp.pileum.com" local="3364835280" remote="2140431899180355536" /><file name="footer.inc" server="ftp.pileum.com/httpdocs/" local="3350955600" remote="46327358740" /><file name="mainnav.inc" server="ftp.pileum.com/httpdocs/" local="3377685407" remote="50622326036" /><file name="quick_contact.inc" server="ftp.pileum.com/httpdocs/" local="3364835100" remote="76392129812" /><file name="quick_contact_homepage.inc" server="ftp.pileum.com/httpdocs/" local="3364835280" remote="115046835476" /><file name="seminar_blurb.inc" server="ftp.pileum.com/httpdocs/" local="3267662400" remote="76392129812" /><file name="seminar_sidebar.inc" server="ftp.pileum.com/httpdocs/" local="3350955600" remote="84982064404" /><file name="seminar_sidebar_bu_5-6-09.inc" server="ftp.pileum.com/httpdocs/" local="3324475682" remote="127931737364" /></dwsync>