<?xml version="1.0" encoding="utf-8" ?><dwsync><file name="Bdo.php" server="ftp.pileum.com" local="3326760000" remote="389340386436994112" /><file name="CommonAttributes.php" server="ftp.pileum.com" local="3326760000" remote="2137741084951467072" /><file name="Edit.php" server="ftp.pileum.com" local="3326760000" remote="2137747905359533120" /><file name="Forms.php" server="ftp.pileum.com" local="3326760000" remote="2137753626255971392" /><file name="Hypertext.php" server="ftp.pileum.com" local="3326760000" remote="2137759347152409664" /><file name="Image.php" server="ftp.pileum.com" local="3326760000" remote="2137765068048847936" /><file name="Legacy.php" server="ftp.pileum.com" local="3326760000" remote="2137770788945286208" /><file name="List.php" server="ftp.pileum.com" local="3326760000" remote="2137776509841724480" /><file name="Name.php" server="ftp.pileum.com" local="3326760000" remote="2137782230738162752" /><file name="NonXMLCommonAttributes.php" server="ftp.pileum.com" local="3326760000" remote="2137833031611339840" /><file name="Object.php" server="ftp.pileum.com" local="3326760000" remote="2137838752507778112" /><file name="Presentation.php" server="ftp.pileum.com" local="3326760000" remote="2137844473404216384" /><file name="Proprietary.php" server="ftp.pileum.com" local="3326760000" remote="2137850194300654656" /><file name="Ruby.php" server="ftp.pileum.com" local="3326760000" remote="2137855915197092928" /><file name="SafeEmbed.php" server="ftp.pileum.com" local="3326760000" remote="2137861636093531200" /><file name="SafeObject.php" server="ftp.pileum.com" local="3326760000" remote="2137867356989969472" /><file name="Scripting.php" server="ftp.pileum.com" local="3326760000" remote="2109869616238580800" /><file name="StyleAttribute.php" server="ftp.pileum.com" local="3326760000" remote="2109875337135019072" /><file name="Tables.php" server="ftp.pileum.com" local="3326760000" remote="2109881058031457344" /><file name="Target.php" server="ftp.pileum.com" local="3326760000" remote="2109886778927895616" /><file name="Text.php" server="ftp.pileum.com" local="3326760000" remote="2109892499824333888" /><file name="Tidy.php" server="ftp.pileum.com" local="3326760000" remote="2109903305962050624" /><file name="XMLCommonAttributes.php" server="ftp.pileum.com" local="3326760000" remote="2109927718556161088" /><file name="Bdo.php" server="ftp.pileum.com/httpdocs/" local="3326760000" remote="33442457272" /><file name="CommonAttributes.php" server="ftp.pileum.com/httpdocs/" local="3326760000" remote="89277032120" /><file name="Edit.php" server="ftp.pileum.com/httpdocs/" local="3326760000" remote="37737424568" /><file name="Forms.php" server="ftp.pileum.com/httpdocs/" local="3326760000" remote="42032391864" /><file name="Hypertext.php" server="ftp.pileum.com/httpdocs/" local="3326760000" remote="59212261048" /><file name="Image.php" server="ftp.pileum.com/httpdocs/" local="3326760000" remote="42032391864" /><file name="Legacy.php" server="ftp.pileum.com/httpdocs/" local="3326760000" remote="46327359160" /><file name="List.php" server="ftp.pileum.com/httpdocs/" local="3326760000" remote="37737424568" /><file name="Name.php" server="ftp.pileum.com/httpdocs/" local="3326760000" remote="37737424568" /><file name="NonXMLCommonAttributes.php" server="ftp.pileum.com/httpdocs/" local="3326760000" remote="115046835896" /><file name="Object.php" server="ftp.pileum.com/httpdocs/" local="3326760000" remote="46327359160" /><file name="Presentation.php" server="ftp.pileum.com/httpdocs/" local="3326760000" remote="72097162936" /><file name="Proprietary.php" server="ftp.pileum.com/httpdocs/" local="3326760000" remote="67802195640" /><file name="Ruby.php" server="ftp.pileum.com/httpdocs/" local="3326760000" remote="37737424568" /><file name="SafeEmbed.php" server="ftp.pileum.com/httpdocs/" local="3326760000" remote="59212261048" /><file name="SafeObject.php" server="ftp.pileum.com/httpdocs/" local="3326760000" remote="63507228344" /><file name="Scripting.php" server="ftp.pileum.com/httpdocs/" local="3326760000" remote="59212261048" /><file name="StyleAttribute.php" server="ftp.pileum.com/httpdocs/" local="3326760000" remote="80687097528" /><file name="Tables.php" server="ftp.pileum.com/httpdocs/" local="3326760000" remote="46327359160" /><file name="Target.php" server="ftp.pileum.com/httpdocs/" local="3326760000" remote="46327359160" /><file name="Text.php" server="ftp.pileum.com/httpdocs/" local="3326760000" remote="37737424568" /><file name="Tidy.php" server="ftp.pileum.com/httpdocs/" local="3326760000" remote="37737424568" /><file name="XMLCommonAttributes.php" server="ftp.pileum.com/httpdocs/" local="3326760000" remote="102161934008" /></dwsync>