<?xml version="1.0" encoding="utf-8" ?><dwsync><file name="CSS.php" server="ftp.pileum.com" local="3326760000" remote="2139129201201665088" /><file name="Enum.php" server="ftp.pileum.com" local="3326760000" remote="2139134922098103360" /><file name="Integer.php" server="ftp.pileum.com" local="3326760000" remote="2139173216026514496" /><file name="Lang.php" server="ftp.pileum.com" local="3326760000" remote="2139178936922952768" /><file name="Switch.php" server="ftp.pileum.com" local="3326760000" remote="2139184657819391040" /><file name="Text.php" server="ftp.pileum.com" local="3326760000" remote="2139190378715829312" /><file name="URI.php" server="ftp.pileum.com" local="3326760000" remote="2139201184853546048" /><file name="CSS.php" server="ftp.pileum.com/httpdocs/" local="3326760000" remote="33442457152" /><file name="Enum.php" server="ftp.pileum.com/httpdocs/" local="3326760000" remote="37737424448" /><file name="Integer.php" server="ftp.pileum.com/httpdocs/" local="3326760000" remote="50622326336" /><file name="Lang.php" server="ftp.pileum.com/httpdocs/" local="3326760000" remote="37737424448" /><file name="Switch.php" server="ftp.pileum.com/httpdocs/" local="3326760000" remote="46327359040" /><file name="Text.php" server="ftp.pileum.com/httpdocs/" local="3326760000" remote="37737424448" /><file name="URI.php" server="ftp.pileum.com/httpdocs/" local="3326760000" remote="33442457152" /></dwsync>