<?xml version="1.0" encoding="utf-8" ?><dwsync><file name="DisableExternal.php" server="ftp.pileum.com" local="3326760000" remote="2108428482912080960" /><file name="DisableExternalResources.php" server="ftp.pileum.com" local="3326760000" remote="2109545002610349120" /><file name="HostBlacklist.php" server="ftp.pileum.com" local="3326760000" remote="2109550723506787392" /><file name="MakeAbsolute.php" server="ftp.pileum.com" local="3326760000" remote="2109556444403225664" /><file name="Munge.php" server="ftp.pileum.com" local="3326760000" remote="2109562165299663936" /><file name="DisableExternal.php" server="ftp.pileum.com/httpdocs/" local="3326760000" remote="84982064884" /><file name="DisableExternalResources.php" server="ftp.pileum.com/httpdocs/" local="3326760000" remote="123636770548" /><file name="HostBlacklist.php" server="ftp.pileum.com/httpdocs/" local="3326760000" remote="76392130292" /><file name="MakeAbsolute.php" server="ftp.pileum.com/httpdocs/" local="3326760000" remote="72097162996" /><file name="Munge.php" server="ftp.pileum.com/httpdocs/" local="3326760000" remote="42032391924" /></dwsync>