<?xml version="1.0" encoding="utf-8" ?><dwsync><file name="ConfigForm.css" server="ftp.pileum.com" local="3326760000" remote="2109711630161564736" /><file name="ConfigForm.js" server="ftp.pileum.com" local="3326760000" remote="2109717351058003008" /><file name="ConfigForm.php" server="ftp.pileum.com" local="3326760000" remote="2109723071954441280" /><file name="CSSDefinition.php" server="ftp.pileum.com" local="3326760000" remote="2108334474667906112" /><file name="HTMLDefinition.php" server="ftp.pileum.com" local="3326760000" remote="2109728792850879552" /><file name="ConfigForm.css" server="ftp.pileum.com/httpdocs/" local="3326760000" remote="63507228404" /><file name="ConfigForm.js" server="ftp.pileum.com/httpdocs/" local="3326760000" remote="59212261108" /><file name="ConfigForm.php" server="ftp.pileum.com/httpdocs/" local="3326760000" remote="63507228404" /><file name="CSSDefinition.php" server="ftp.pileum.com/httpdocs/" local="3326760000" remote="76392130292" /><file name="HTMLDefinition.php" server="ftp.pileum.com/httpdocs/" local="3326760000" remote="80687097588" /></dwsync>