<?xml version="1.0" encoding="utf-8" ?><dwsync><file name="20_things.jpg" server="ftp.pileum.com" local="3306888000" remote="2110481288281135936" /><file name="AdvTop.jpg" server="ftp.pileum.com" local="3306888000" remote="2111595712035363648" /><file name="Casual Ed.jpg" server="ftp.pileum.com" local="3306888000" remote="2111601432931801920" /><file name="CasualEd.jpg" server="ftp.pileum.com" local="3267662400" remote="2170964546712539712" /><file name="EMP3.jpg" server="ftp.pileum.com" local="3306888000" remote="2111618595621116736" /><file name="ExpRandoObs.pdf" server="ftp.pileum.com" local="3306888000" remote="2111634212122204992" /><file name="GDA-cover.jpg" server="ftp.pileum.com" local="3306888000" remote="2111639933018643264" /><file name="Lasater.jpg" server="ftp.pileum.com" local="3267662400" remote="2170964546712539712" /><file name="Pen&Ink.jpg" server="ftp.pileum.com" local="3306888000" remote="2111651374811519808" /><file name="PenInk.jpg" server="ftp.pileum.com" local="3267662400" remote="2170964546712539712" /><file name="ProEval.jpg" server="ftp.pileum.com" local="3306888000" remote="2111662816604396352" /><file name="SPCINK.jpg" server="ftp.pileum.com" local="3306888000" remote="2111668537500834624" /><file name="Simonton.jpg" server="ftp.pileum.com" local="3267662400" remote="2170964546712539712" /><file name="Wheeler-Books.jpg" server="ftp.pileum.com" local="3306888000" remote="2139938974315780928" /><file name="Zunich .jpg" server="ftp.pileum.com" local="3306888000" remote="2139944695212219200" /><file name="awardwinnercochran.jpg" server="ftp.pileum.com" local="3306888000" remote="2139950416108657472" /><file name="beach.jpg" server="ftp.pileum.com" local="3306888000" remote="2139956137005095744" /><file name="bluecog.jpg" server="ftp.pileum.com" local="3306888000" remote="2111718702718851904" /><file name="bluecogsmall.jpg" server="ftp.pileum.com" local="3306888000" remote="2111724423615290176" /><file name="bullet.jpg" server="ftp.pileum.com" local="3306888000" remote="2111730144511728448" /><file name="donwheelerpic.jpg" server="ftp.pileum.com" local="3306888000" remote="2111735865408166720" /><file name="emp.jpg" server="ftp.pileum.com" local="3306888000" remote="2111741586304604992" /><file name="emp3_big.jpg" server="ftp.pileum.com" local="3306888000" remote="2111747307201043264" /><file name="insideout.jpg" server="ftp.pileum.com" local="3306888000" remote="2140060642149342016" /><file name="knoxville_main.jpg" server="ftp.pileum.com" local="3306888000" remote="2140066363045780288" /><file name="makingsensedata.jpg" server="ftp.pileum.com" local="3306888000" remote="2140072083942218560" /><file name="miamiconference.jpg" server="ftp.pileum.com" local="3306888000" remote="2140077804838656832" /><file name="penandink.jpg" server="ftp.pileum.com" local="3306888000" remote="2140083525735095104" /><file name="practprocessimprov.jpg" server="ftp.pileum.com" local="3306888000" remote="2140089246631533376" /><file name="redcogsmall.jpg" server="ftp.pileum.com" local="3306888000" remote="2140136972308126528" /><file name="springcleaning.jpg" server="ftp.pileum.com" local="3306888000" remote="2140148414101003072" /><file name="understandvariation.jpg" server="ftp.pileum.com" local="3306888000" remote="2140154134997441344" /><file name="uspc.jpg" server="ftp.pileum.com" local="3306888000" remote="2140159855893879616" /><file name="vbulletin3_logo_white.gif" server="ftp.pileum.com" local="3306888000" remote="2140165576790317888" /><file name="wheelerbooks.jpg" server="ftp.pileum.com" local="3288225600" remote="2140171297668093760" /><file name="DonEMP2_1.jpg" server="ftp.pileum.com" local="3332894400" remote="2111612874750684864" /><file name="profiles_in_quality.jpg" server="ftp.pileum.com" local="3321489600" remote="2140094967542573248" /><file name="Scholtes_Wheeler-1.jpg" server="ftp.pileum.com" local="3332894400" remote="2139921811652472512" /><file name="Tiger.jpg" server="ftp.pileum.com" local="3321489600" remote="2139933253433944256" /><file name="20_things.jpg" server="ftp.pileum.com/httpdocs/" local="3306888000" remote="59212260868" /><file name="AdvTop.jpg" server="ftp.pileum.com/httpdocs/" local="3306888000" remote="46327358980" /><file name="awardwinnercochran.jpg" server="ftp.pileum.com/httpdocs/" local="3306888000" remote="97866966532" /><file name="beach.jpg" server="ftp.pileum.com/httpdocs/" local="3306888000" remote="42032391684" /><file name="bluecog.jpg" server="ftp.pileum.com/httpdocs/" local="3306888000" remote="50622326276" /><file name="bluecogsmall.jpg" server="ftp.pileum.com/httpdocs/" local="3306888000" remote="72097162756" /><file name="bullet.jpg" server="ftp.pileum.com/httpdocs/" local="3306888000" remote="46327358980" /><file name="Casual Ed.jpg" server="ftp.pileum.com/httpdocs/" local="3306888000" remote="59212260868" /><file name="CasualEd.jpg" server="ftp.pileum.com/httpdocs/" local="3267662400" remote="54917293572" /><file name="DonEMP2_1.jpg" server="ftp.pileum.com/httpdocs/" local="3332894400" remote="59212260868" /><file name="donwheelerpic.jpg" server="ftp.pileum.com/httpdocs/" local="3306888000" remote="76392130052" /><file name="emp.jpg" server="ftp.pileum.com/httpdocs/" local="3306888000" remote="33442457092" /><file name="EMP3.jpg" server="ftp.pileum.com/httpdocs/" local="3306888000" remote="37737424388" /><file name="emp3_big.jpg" server="ftp.pileum.com/httpdocs/" local="3306888000" remote="54917293572" /><file name="ExpRandoObs.pdf" server="ftp.pileum.com/httpdocs/" local="3306888000" remote="67802195460" /><file name="GDA-cover.jpg" server="ftp.pileum.com/httpdocs/" local="3306888000" remote="59212260868" /><file name="insideout.jpg" server="ftp.pileum.com/httpdocs/" local="3306888000" remote="59212260868" /><file name="knoxville_main.jpg" server="ftp.pileum.com/httpdocs/" local="3306888000" remote="80687097348" /><file name="Lasater.jpg" server="ftp.pileum.com/httpdocs/" local="3267662400" remote="50622326276" /><file name="makingsensedata.jpg" server="ftp.pileum.com/httpdocs/" local="3306888000" remote="84982064644" /><file name="miamiconference.jpg" server="ftp.pileum.com/httpdocs/" local="3306888000" remote="84982064644" /><file name="Pen&Ink.jpg" server="ftp.pileum.com/httpdocs/" local="3306888000" remote="50622326276" /><file name="penandink.jpg" server="ftp.pileum.com/httpdocs/" local="3306888000" remote="59212260868" /><file name="PenInk.jpg" server="ftp.pileum.com/httpdocs/" local="3267662400" remote="46327358980" /><file name="practprocessimprov.jpg" server="ftp.pileum.com/httpdocs/" local="3306888000" remote="97866966532" /><file name="ProEval.jpg" server="ftp.pileum.com/httpdocs/" local="3306888000" remote="50622326276" /><file name="profiles_in_quality.jpg" server="ftp.pileum.com/httpdocs/" local="3321489600" remote="102161933828" /><file name="redcogsmall.jpg" server="ftp.pileum.com/httpdocs/" local="3306888000" remote="67802195460" /><file name="Scholtes_Wheeler-1.jpg" server="ftp.pileum.com/httpdocs/" local="3332894400" remote="97866966532" /><file name="Simonton.jpg" server="ftp.pileum.com/httpdocs/" local="3267662400" remote="54917293572" /><file name="SPCINK.jpg" server="ftp.pileum.com/httpdocs/" local="3306888000" remote="46327358980" /><file name="springcleaning.jpg" server="ftp.pileum.com/httpdocs/" local="3306888000" remote="80687097348" /><file name="Tiger.jpg" server="ftp.pileum.com/httpdocs/" local="3321489600" remote="42032391684" /><file name="understandvariation.jpg" server="ftp.pileum.com/httpdocs/" local="3306888000" remote="102161933828" /><file name="uspc.jpg" server="ftp.pileum.com/httpdocs/" local="3306888000" remote="37737424388" /><file name="vbulletin3_logo_white.gif" server="ftp.pileum.com/httpdocs/" local="3306888000" remote="110751868420" /><file name="Wheeler-Books.jpg" server="ftp.pileum.com/httpdocs/" local="3306888000" remote="76392130052" /><file name="wheelerbooks.jpg" server="ftp.pileum.com/httpdocs/" local="3288225600" remote="72097162756" /><file name="Zunich .jpg" server="ftp.pileum.com/httpdocs/" local="3306888000" remote="50622326276" /></dwsync>