<?xml version="1.0" encoding="utf-8" ?><dwsync><file name="sem_adv_topics_in_spc.php" server="ftp.pileum.com" local="3267662400" remote="3267662400" /><file name="sem_eval_measurement_process.php" server="ftp.pileum.com" local="3267662400" remote="3267662400" /><file name="sem_from_capability_to_profitability.php" server="ftp.pileum.com" local="3364835040" remote="2097050891244752608" /><file name="sem_making_sense_of_data.php" server="ftp.pileum.com" local="3267662400" remote="3267662400" /><file name="sem_practical_data_analysis.php" server="ftp.pileum.com" local="3267662400" remote="3267662400" /><file name="sem_successful_experimentation.php" server="ftp.pileum.com" local="3267662400" remote="3267662400" /><file name="sem_understanding_variation.php" server="ftp.pileum.com" local="3267662400" remote="3267662400" /><file name="sem_uspc.php" server="ftp.pileum.com" local="3364835040" remote="376740721955131104" /><file name="sem_adv_topics_in_spc.php" server="ftp.pileum.com/httpdocs/" local="3267662400" remote="110751868840" /><file name="sem_eval_measurement_process.php" server="ftp.pileum.com/httpdocs/" local="3267662400" remote="140816639912" /><file name="sem_from_capability_to_profitability.php" server="ftp.pileum.com/httpdocs/" local="3364835040" remote="175176378280" /><file name="sem_making_sense_of_data.php" server="ftp.pileum.com/httpdocs/" local="3267662400" remote="123636770728" /><file name="sem_practical_data_analysis.php" server="ftp.pileum.com/httpdocs/" local="3267662400" remote="136521672616" /><file name="sem_successful_experimentation.php" server="ftp.pileum.com/httpdocs/" local="3267662400" remote="149406574504" /><file name="sem_understanding_variation.php" server="ftp.pileum.com/httpdocs/" local="3267662400" remote="136521672616" /><file name="sem_uspc.php" server="ftp.pileum.com/httpdocs/" local="3364835040" remote="54917293992" /></dwsync>