<?xml version="1.0" encoding="utf-8" ?><dwsync><file name="08_fall_newsletter.html" server="ftp.pileum.com" local="3307752000" remote="2139582818448591424" /><file name="05_april.html" server="ftp.pileum.com" local="3267662400" remote="3267662400" /><file name="05_december.html" server="ftp.pileum.com" local="3267662400" remote="3267662400" /><file name="05_february.html" server="ftp.pileum.com" local="3267662400" remote="3267662400" /><file name="05_january.html" server="ftp.pileum.com" local="3267662400" remote="3267662400" /><file name="05_july_august.html" server="ftp.pileum.com" local="3267662400" remote="3267662400" /><file name="05_march.html" server="ftp.pileum.com" local="3267662400" remote="3267662400" /><file name="05_may_june.html" server="ftp.pileum.com" local="3267662400" remote="3267662400" /><file name="05_september_october.html" server="ftp.pileum.com" local="3267662400" remote="3267662400" /><file name="06_august.html" server="ftp.pileum.com" local="3267662400" remote="3267662400" /><file name="06_march.html" server="ftp.pileum.com" local="3267662400" remote="3267662400" /><file name="08_may_newsletter.html" server="ftp.pileum.com" local="3293668800" remote="2139588539330946496" /><file name="08_summer_newsletter.html" server="ftp.pileum.com" local="3299112000" remote="2139594260232827968" /><file name="08_winter_newsletter.html" server="ftp.pileum.com" local="3313976400" remote="2139599981144130640" /><file name="09_summer_newsletter.html" server="ftp.pileum.com" local="3334276800" remote="2139611422957307584" /><file name="10_winter_newsletter.html" server="ftp.pileum.com" local="3345080400" remote="2139617143864549456" /><file name="rich_SPC_Ink-Winter_2010.html" server="ftp.pileum.com" local="3348968400" remote="2111584905939727312" /><file name="09_spring_newsletter.html" server="ftp.pileum.com" local="3321489600" remote="2139605702048082112" /><file name="05_april.html" server="ftp.pileum.com/httpdocs/" local="3267662400" remote="59212260628" /><file name="05_december.html" server="ftp.pileum.com/httpdocs/" local="3267662400" remote="72097162516" /><file name="05_february.html" server="ftp.pileum.com/httpdocs/" local="3267662400" remote="72097162516" /><file name="05_january.html" server="ftp.pileum.com/httpdocs/" local="3267662400" remote="67802195220" /><file name="05_july_august.html" server="ftp.pileum.com/httpdocs/" local="3267662400" remote="84982064404" /><file name="05_march.html" server="ftp.pileum.com/httpdocs/" local="3267662400" remote="59212260628" /><file name="05_may_june.html" server="ftp.pileum.com/httpdocs/" local="3267662400" remote="72097162516" /><file name="05_september_october.html" server="ftp.pileum.com/httpdocs/" local="3267662400" remote="110751868180" /><file name="06_august.html" server="ftp.pileum.com/httpdocs/" local="3267662400" remote="63507227924" /><file name="06_march.html" server="ftp.pileum.com/httpdocs/" local="3267662400" remote="59212260628" /><file name="08_fall_newsletter.html" server="ftp.pileum.com/httpdocs/" local="3307752000" remote="102161933768" /><file name="08_may_newsletter.html" server="ftp.pileum.com/httpdocs/" local="3293668800" remote="97866966472" /><file name="08_summer_newsletter.html" server="ftp.pileum.com/httpdocs/" local="3299112000" remote="110751868360" /><file name="08_winter_newsletter.html" server="ftp.pileum.com/httpdocs/" local="3313976400" remote="110751868360" /><file name="08_winter_newsletter.txt" server="ftp.pileum.com/httpdocs/" local="3314044276" remote="106456901064" /><file name="09_spring_newsletter.html" server="ftp.pileum.com/httpdocs/" local="3321489600" remote="110751868360" /><file name="09_summer_newsletter.html" server="ftp.pileum.com/httpdocs/" local="3334276800" remote="110751868360" /><file name="10_winter_newsletter.html" server="ftp.pileum.com/httpdocs/" local="3345080400" remote="110751868420" /><file name="rich_SPC Ink - Winter 2010, Number 39.html" server="ftp.pileum.com/httpdocs/" local="3348604695" remote="183766312452" /><file name="rich_SPC_Ink-Winter_2010.html" server="ftp.pileum.com/httpdocs/" local="3348968400" remote="127931737604" /><file name="SPC Ink - Winter 2010, Number 39.html" server="ftp.pileum.com/httpdocs/" local="3348175962" remote="162291475972" /></dwsync>