<?xml version="1.0" encoding="utf-8" ?><dwsync><file name="6sigma_gtda.jpg" server="ftp.pileum.com" local="3267662400" remote="3267662400" /><file name="ATSPC.jpg" server="ftp.pileum.com" local="3267662400" remote="3267662400" /><file name="TSD.jpg" server="ftp.pileum.com" local="3267662400" remote="3267662400" /><file name="UIE.jpg" server="ftp.pileum.com" local="3267662400" remote="3267662400" /><file name="USPC.jpg" server="ftp.pileum.com" local="3267662400" remote="3267662400" /><file name="UV.jpg" server="ftp.pileum.com" local="3267662400" remote="3267662400" /><file name="ammc.jpg" server="ftp.pileum.com" local="3267662400" remote="3267662400" /><file name="bcc.jpg" server="ftp.pileum.com" local="3267662400" remote="3267662400" /><file name="best_of_deming.jpg" server="ftp.pileum.com" local="3267662400" remote="3267662400" /><file name="comprendeV.jpg" server="ftp.pileum.com" local="3267662400" remote="3267662400" /><file name="confessions_ceo.jpg" server="ftp.pileum.com" local="3267662400" remote="3267662400" /><file name="deming_dim.jpg" server="ftp.pileum.com" local="3267662400" remote="3267662400" /><file name="emp3_UID.jpg" server="ftp.pileum.com" local="3267662400" remote="3267662400" /><file name="esquire.jpg" server="ftp.pileum.com" local="3267662400" remote="3267662400" /><file name="inside_out.jpg" server="ftp.pileum.com" local="3267662400" remote="3267662400" /><file name="making_sense.jpg" server="ftp.pileum.com" local="3267662400" remote="3267662400" /><file name="norm.jpg" server="ftp.pileum.com" local="3267662400" remote="3267662400" /><file name="not_available.jpg" server="ftp.pileum.com" local="3267662400" remote="3267662400" /><file name="not_available_thumb.jpg" server="ftp.pileum.com" local="3267662400" remote="3267662400" /><file name="peh.jpg" server="ftp.pileum.com" local="3267662400" remote="3267662400" /><file name="placeholder_thumb.gif" server="ftp.pileum.com" local="3267662400" remote="3267662400" /><file name="pract_process_improv.jpg" server="ftp.pileum.com" local="3267662400" remote="3267662400" /><file name="rbam.jpg" server="ftp.pileum.com" local="3267662400" remote="3267662400" /><file name="real_people.jpg" server="ftp.pileum.com" local="3267662400" remote="3267662400" /><file name="road_to_cont_improv.jpg" server="ftp.pileum.com" local="3267662400" remote="3267662400" /><file name="short_run.jpg" server="ftp.pileum.com" local="3267662400" remote="3267662400" /><file name="thumb_6sigma_gtda.jpg" server="ftp.pileum.com" local="3267662400" remote="3267662400" /><file name="thumb_ATSPC.jpg" server="ftp.pileum.com" local="3267662400" remote="3267662400" /><file name="thumb_TSD.jpg" server="ftp.pileum.com" local="3267662400" remote="3267662400" /><file name="thumb_UIE.jpg" server="ftp.pileum.com" local="3267662400" remote="3267662400" /><file name="thumb_UV.jpg" server="ftp.pileum.com" local="3267662400" remote="3267662400" /><file name="thumb_ammc.jpg" server="ftp.pileum.com" local="3267662400" remote="3267662400" /><file name="thumb_bcc.jpg" server="ftp.pileum.com" local="3267662400" remote="3267662400" /><file name="thumb_best_of_deming.jpg" server="ftp.pileum.com" local="3267662400" remote="3267662400" /><file name="thumb_comprendeV.jpg" server="ftp.pileum.com" local="3267662400" remote="3267662400" /><file name="thumb_confessions_ceo.jpg" server="ftp.pileum.com" local="3267662400" remote="3267662400" /><file name="thumb_deming_dim.jpg" server="ftp.pileum.com" local="3267662400" remote="3267662400" /><file name="thumb_emp3_uid.jpg" server="ftp.pileum.com" local="3267662400" remote="3267662400" /><file name="thumb_esquire.jpg" server="ftp.pileum.com" local="3267662400" remote="3267662400" /><file name="thumb_inside_out.jpg" server="ftp.pileum.com" local="3267662400" remote="3267662400" /><file name="thumb_making_sense.jpg" server="ftp.pileum.com" local="3267662400" remote="3267662400" /><file name="thumb_norm.jpg" server="ftp.pileum.com" local="3267662400" remote="3267662400" /><file name="thumb_peh.jpg" server="ftp.pileum.com" local="3267662400" remote="3267662400" /><file name="thumb_pract_process_improv.jpg" server="ftp.pileum.com" local="3267662400" remote="3267662400" /><file name="thumb_rbam.jpg" server="ftp.pileum.com" local="3267662400" remote="3267662400" /><file name="thumb_real_people.jpg" server="ftp.pileum.com" local="3267662400" remote="3267662400" /><file name="thumb_road_to_cont_improv.jpg" server="ftp.pileum.com" local="3267662400" remote="3267662400" /><file name="thumb_seminar.jpg" server="ftp.pileum.com" local="3267662400" remote="3267662400" /><file name="thumb_short_run.jpg" server="ftp.pileum.com" local="3267662400" remote="3267662400" /><file name="thumb_uspc.jpg" server="ftp.pileum.com" local="3267662400" remote="3267662400" /><file name="6sigma_gtda.jpg" server="ftp.pileum.com/httpdocs/" local="3267662400" remote="67802195160" /><file name="ammc.jpg" server="ftp.pileum.com/httpdocs/" local="3267662400" remote="37737424088" /><file name="ATSPC.jpg" server="ftp.pileum.com/httpdocs/" local="3267662400" remote="42032391384" /><file name="bcc.jpg" server="ftp.pileum.com/httpdocs/" local="3267662400" remote="33442456792" /><file name="best_of_deming.jpg" server="ftp.pileum.com/httpdocs/" local="3267662400" remote="80687097048" /><file name="comprendeV.jpg" server="ftp.pileum.com/httpdocs/" local="3267662400" remote="63507227864" /><file name="confessions_ceo.jpg" server="ftp.pileum.com/httpdocs/" local="3267662400" remote="84982064344" /><file name="deming_dim.jpg" server="ftp.pileum.com/httpdocs/" local="3267662400" remote="63507227864" /><file name="emp3_UID.jpg" server="ftp.pileum.com/httpdocs/" local="3267662400" remote="54917293272" /><file name="esquire.jpg" server="ftp.pileum.com/httpdocs/" local="3267662400" remote="50622325976" /><file name="inside_out.jpg" server="ftp.pileum.com/httpdocs/" local="3267662400" remote="63507227864" /><file name="making_sense.jpg" server="ftp.pileum.com/httpdocs/" local="3267662400" remote="72097162516" /><file name="norm.jpg" server="ftp.pileum.com/httpdocs/" local="3267662400" remote="37737424148" /><file name="not_available.jpg" server="ftp.pileum.com/httpdocs/" local="3267662400" remote="76392129812" /><file name="not_available_thumb.jpg" server="ftp.pileum.com/httpdocs/" local="3267662400" remote="102161933588" /><file name="peh.jpg" server="ftp.pileum.com/httpdocs/" local="3267662400" remote="33442456852" /><file name="placeholder_thumb.gif" server="ftp.pileum.com/httpdocs/" local="3267662400" remote="93571998996" /><file name="pract_process_improv.jpg" server="ftp.pileum.com/httpdocs/" local="3267662400" remote="106456900884" /><file name="rbam.jpg" server="ftp.pileum.com/httpdocs/" local="3267662400" remote="37737424148" /><file name="real_people.jpg" server="ftp.pileum.com/httpdocs/" local="3267662400" remote="67802195220" /><file name="road_to_cont_improv.jpg" server="ftp.pileum.com/httpdocs/" local="3267662400" remote="102161933588" /><file name="short_run.jpg" server="ftp.pileum.com/httpdocs/" local="3267662400" remote="59212260628" /><file name="thumb_6sigma_gtda.jpg" server="ftp.pileum.com/httpdocs/" local="3267662400" remote="93571998996" /><file name="thumb_ammc.jpg" server="ftp.pileum.com/httpdocs/" local="3267662400" remote="63507227924" /><file name="thumb_ATSPC.jpg" server="ftp.pileum.com/httpdocs/" local="3267662400" remote="67802195220" /><file name="thumb_bcc.jpg" server="ftp.pileum.com/httpdocs/" local="3267662400" remote="59212260628" /><file name="thumb_best_of_deming.jpg" server="ftp.pileum.com/httpdocs/" local="3267662400" remote="106456900884" /><file name="thumb_comprendeV.jpg" server="ftp.pileum.com/httpdocs/" local="3267662400" remote="89277031700" /><file name="thumb_confessions_ceo.jpg" server="ftp.pileum.com/httpdocs/" local="3267662400" remote="110751868180" /><file name="thumb_deming_dim.jpg" server="ftp.pileum.com/httpdocs/" local="3267662400" remote="89277031700" /><file name="thumb_emp3_uid.jpg" server="ftp.pileum.com/httpdocs/" local="3267662400" remote="80687097108" /><file name="thumb_esquire.jpg" server="ftp.pileum.com/httpdocs/" local="3267662400" remote="76392129812" /><file name="thumb_inside_out.jpg" server="ftp.pileum.com/httpdocs/" local="3267662400" remote="89277031700" /><file name="thumb_making_sense.jpg" server="ftp.pileum.com/httpdocs/" local="3267662400" remote="97866966292" /><file name="thumb_norm.jpg" server="ftp.pileum.com/httpdocs/" local="3267662400" remote="63507227924" /><file name="thumb_peh.jpg" server="ftp.pileum.com/httpdocs/" local="3267662400" remote="59212260628" /><file name="thumb_pract_process_improv.jpg" server="ftp.pileum.com/httpdocs/" local="3267662400" remote="132226704660" /><file name="thumb_rbam.jpg" server="ftp.pileum.com/httpdocs/" local="3267662400" remote="63507227924" /><file name="thumb_real_people.jpg" server="ftp.pileum.com/httpdocs/" local="3267662400" remote="93571998996" /><file name="thumb_road_to_cont_improv.jpg" server="ftp.pileum.com/httpdocs/" local="3267662400" remote="127931737364" /><file name="thumb_seminar.jpg" server="ftp.pileum.com/httpdocs/" local="3267662400" remote="76392129812" /><file name="thumb_short_run.jpg" server="ftp.pileum.com/httpdocs/" local="3267662400" remote="84982064404" /><file name="thumb_TSD.jpg" server="ftp.pileum.com/httpdocs/" local="3267662400" remote="59212260628" /><file name="thumb_UIE.jpg" server="ftp.pileum.com/httpdocs/" local="3267662400" remote="59212260628" /><file name="thumb_uspc.jpg" server="ftp.pileum.com/httpdocs/" local="3267662400" remote="63507227924" /><file name="thumb_UV.jpg" server="ftp.pileum.com/httpdocs/" local="3267662400" remote="54917293332" /><file name="TSD.jpg" server="ftp.pileum.com/httpdocs/" local="3267662400" remote="33442456852" /><file name="UIE.jpg" server="ftp.pileum.com/httpdocs/" local="3267662400" remote="33442456852" /><file name="USPC.jpg" server="ftp.pileum.com/httpdocs/" local="3267662400" remote="37737424148" /><file name="UV.jpg" server="ftp.pileum.com/httpdocs/" local="3267662400" remote="29147489556" /></dwsync>