<?xml version="1.0" encoding="utf-8" ?><dwsync><file name="HTMLPurifier.auto.php" server="ftp.pileum.com" local="3326760000" remote="2136953233330558016" /><file name="HTMLPurifier.autoload.php" server="ftp.pileum.com" local="3326760000" remote="2136958954226996288" /><file name="HTMLPurifier.func.php" server="ftp.pileum.com" local="3326760000" remote="2136964675123434560" /><file name="HTMLPurifier.includes.php" server="ftp.pileum.com" local="3326760000" remote="2136970396019872832" /><file name="HTMLPurifier.kses.php" server="ftp.pileum.com" local="3326760000" remote="2136976116916311104" /><file name="HTMLPurifier.path.php" server="ftp.pileum.com" local="3326760000" remote="2108714493374256192" /><file name="HTMLPurifier.php" server="ftp.pileum.com" local="3326760000" remote="2108720214270694464" /><file name="HTMLPurifier.safe-includes.php" server="ftp.pileum.com" local="3326760000" remote="2108725935167132736" /><file name="HTMLPurifier.auto.php" server="ftp.pileum.com/httpdocs/" local="3326760000" remote="93571999476" /><file name="HTMLPurifier.autoload.php" server="ftp.pileum.com/httpdocs/" local="3326760000" remote="110751868660" /><file name="HTMLPurifier.func.php" server="ftp.pileum.com/httpdocs/" local="3326760000" remote="93571999476" /><file name="HTMLPurifier.includes.php" server="ftp.pileum.com/httpdocs/" local="3326760000" remote="110751868660" /><file name="HTMLPurifier.kses.php" server="ftp.pileum.com/httpdocs/" local="3326760000" remote="93571999476" /><file name="HTMLPurifier.path.php" server="ftp.pileum.com/httpdocs/" local="3326760000" remote="93571999476" /><file name="HTMLPurifier.php" server="ftp.pileum.com/httpdocs/" local="3326760000" remote="72097162996" /><file name="HTMLPurifier.safe-includes.php" server="ftp.pileum.com/httpdocs/" local="3326760000" remote="132226705140" /></dwsync>