<?xml version="1.0" encoding="utf-8" ?><dwsync><file name="20_things.jpg" server="ftp.pileum.com/httpdocs/" local="3348175962" remote="59212260868" /><file name="bluecog.jpg" server="ftp.pileum.com/httpdocs/" local="3348175962" remote="50622326276" /><file name="donwheelerpic.jpg" server="ftp.pileum.com/httpdocs/" local="3348175962" remote="76392130052" /><file name="EMP3.jpg" server="ftp.pileum.com/httpdocs/" local="3348175962" remote="37737424388" /><file name="penandink.jpg" server="ftp.pileum.com/httpdocs/" local="3348175961" remote="59212260868" /><file name="redcogsmall.jpg" server="ftp.pileum.com/httpdocs/" local="3348175962" remote="67802195460" /><file name="SPCINK.jpg" server="ftp.pileum.com/httpdocs/" local="3348175962" remote="46327358980" /><file name="Wheeler-Books.jpg" server="ftp.pileum.com/httpdocs/" local="3348175962" remote="76392130052" /></dwsync>