<?xml version="1.0" encoding="utf-8" ?><dwsync><file name="Chameleon.php" server="ftp.pileum.com" local="3326760000" remote="2137328579112490048" /><file name="Custom.php" server="ftp.pileum.com" local="3326760000" remote="2138997105187509312" /><file name="Empty.php" server="ftp.pileum.com" local="3326760000" remote="2139002826083947584" /><file name="Optional.php" server="ftp.pileum.com" local="3326760000" remote="2139008546980385856" /><file name="Required.php" server="ftp.pileum.com" local="3326760000" remote="2139014267876824128" /><file name="StrictBlockquote.php" server="ftp.pileum.com" local="3326760000" remote="2139019988773262400" /><file name="Table.php" server="ftp.pileum.com" local="3326760000" remote="2139035605274350656" /><file name="Chameleon.php" server="ftp.pileum.com/httpdocs/" local="3326760000" remote="59212260928" /><file name="Custom.php" server="ftp.pileum.com/httpdocs/" local="3326760000" remote="46327359040" /><file name="Empty.php" server="ftp.pileum.com/httpdocs/" local="3326760000" remote="42032391744" /><file name="Optional.php" server="ftp.pileum.com/httpdocs/" local="3326760000" remote="54917293632" /><file name="Required.php" server="ftp.pileum.com/httpdocs/" local="3326760000" remote="54917293632" /><file name="StrictBlockquote.php" server="ftp.pileum.com/httpdocs/" local="3326760000" remote="89277032000" /><file name="Table.php" server="ftp.pileum.com/httpdocs/" local="3326760000" remote="42032391744" /></dwsync>