<?xml version="1.0" encoding="utf-8" ?><dwsync><file name="big_djw.jpg" server="ftp.pileum.com" local="3267662400" remote="3267662400" /><file name="body_bg_fullwidth_tile.gif" server="ftp.pileum.com" local="3267662400" remote="3267662400" /><file name="body_bg_sigma_tile.gif" server="ftp.pileum.com" local="3267662400" remote="3267662400" /><file name="bookstack.jpg" server="ftp.pileum.com" local="3267662400" remote="3267662400" /><file name="cog_bullet.gif" server="ftp.pileum.com" local="3267662400" remote="3267662400" /><file name="container_bg_tile.gif" server="ftp.pileum.com" local="3267662400" remote="3267662400" /><file name="djwheeler.jpg" server="ftp.pileum.com" local="3267662400" remote="3267662400" /><file name="footer_bg_tile.gif" server="ftp.pileum.com" local="3267662400" remote="3267662400" /><file name="glo_ups_brandmark_v2.gif" server="ftp.pileum.com" local="3267662400" remote="3267662400" /><file name="header_bg.jpg" server="ftp.pileum.com" local="3267662400" remote="3267662400" /><file name="header_bg_old.jpg" server="ftp.pileum.com" local="3267662400" remote="3267662400" /><file name="header_tile_bg.gif" server="ftp.pileum.com" local="3267662400" remote="3267662400" /><file name="ink_banner.jpg" server="ftp.pileum.com" local="3267662400" remote="3267662400" /><file name="nav_bg_tile_top.gif" server="ftp.pileum.com" local="3267662400" remote="3267662400" /><file name="seminar_thumb.jpg" server="ftp.pileum.com" local="3267662400" remote="3267662400" /><file name="sidebar_bg.gif" server="ftp.pileum.com" local="3267662400" remote="3267662400" /><file name="sidebar_bg_old.gif" server="ftp.pileum.com" local="3267662400" remote="3267662400" /><file name="sidebar_h1_bg.gif" server="ftp.pileum.com" local="3267662400" remote="3267662400" /><file name=".picasa.ini" server="ftp.pileum.com/httpdocs/" local="3342748016" remote="50622325976" /><file name="big_djw.jpg" server="ftp.pileum.com/httpdocs/" local="3267662400" remote="50622325976" /><file name="body_bg_fullwidth_tile.gif" server="ftp.pileum.com/httpdocs/" local="3267662400" remote="115046835416" /><file name="body_bg_sigma_tile.gif" server="ftp.pileum.com/httpdocs/" local="3267662400" remote="97866966232" /><file name="bookstack.jpg" server="ftp.pileum.com/httpdocs/" local="3267662400" remote="59212260628" /><file name="cog_bullet.gif" server="ftp.pileum.com/httpdocs/" local="3267662400" remote="63507227924" /><file name="container_bg_tile.gif" server="ftp.pileum.com/httpdocs/" local="3267662400" remote="93571998996" /><file name="djwheeler.jpg" server="ftp.pileum.com/httpdocs/" local="3267662400" remote="59212260628" /><file name="footer_bg_tile.gif" server="ftp.pileum.com/httpdocs/" local="3267662400" remote="80687097108" /><file name="glo_ups_brandmark_v2.gif" server="ftp.pileum.com/httpdocs/" local="3267662400" remote="106456900884" /><file name="header_bg.jpg" server="ftp.pileum.com/httpdocs/" local="3267662400" remote="59212260628" /><file name="header_bg_old.jpg" server="ftp.pileum.com/httpdocs/" local="3267662400" remote="76392129812" /><file name="header_tile_bg.gif" server="ftp.pileum.com/httpdocs/" local="3267662400" remote="80687097108" /><file name="ink_banner.jpg" server="ftp.pileum.com/httpdocs/" local="3267662400" remote="63507227924" /><file name="nav_bg_tile_top.gif" server="ftp.pileum.com/httpdocs/" local="3267662400" remote="84982064404" /><file name="seminar_thumb.jpg" server="ftp.pileum.com/httpdocs/" local="3267662400" remote="76392129812" /><file name="sidebar_bg.gif" server="ftp.pileum.com/httpdocs/" local="3267662400" remote="63507227924" /><file name="sidebar_bg_old.gif" server="ftp.pileum.com/httpdocs/" local="3267662400" remote="80687097108" /><file name="sidebar_h1_bg.gif" server="ftp.pileum.com/httpdocs/" local="3267662400" remote="76392129812" /></dwsync>