<?xml version="1.0" encoding="utf-8" ?><dwsync><file name="catapult.jpg" server="ftp.pileum.com" local="3267662400" remote="3267662400" /><file name="catapult_thumb.jpg" server="ftp.pileum.com" local="3267662400" remote="3267662400" /><file name="e_bead_box.jpg" server="ftp.pileum.com" local="3267662400" remote="3267662400" /><file name="e_bead_box_thumb.jpg" server="ftp.pileum.com" local="3267662400" remote="3267662400" /><file name="e_chipbox.jpg" server="ftp.pileum.com" local="3267662400" remote="3267662400" /><file name="e_chipbox_thumb.jpg" server="ftp.pileum.com" local="3267662400" remote="3267662400" /><file name="e_collapsible_quinc.jpg" server="ftp.pileum.com" local="3267662400" remote="3267662400" /><file name="e_collapsible_quinc_thumb.jpg" server="ftp.pileum.com" local="3267662400" remote="3267662400" /><file name="e_deming_funnel.jpg" server="ftp.pileum.com" local="3267662400" remote="3267662400" /><file name="e_deming_funnel_thumb.jpg" server="ftp.pileum.com" local="3267662400" remote="3267662400" /><file name="e_quincunx.jpg" server="ftp.pileum.com" local="3267662400" remote="3267662400" /><file name="e_quincunx_thumb.jpg" server="ftp.pileum.com" local="3267662400" remote="3267662400" /><file name="e_sampling_bowl.jpg" server="ftp.pileum.com" local="3267662400" remote="3267662400" /><file name="e_sampling_bowl_thumb.jpg" server="ftp.pileum.com" local="3267662400" remote="3267662400" /><file name="uv_instructors_kit.jpg" server="ftp.pileum.com" local="3267662400" remote="3267662400" /><file name="uv_instructors_kit_thumb.jpg" server="ftp.pileum.com" local="3267662400" remote="3267662400" /><file name="uv_video.jpg" server="ftp.pileum.com" local="3267662400" remote="3267662400" /><file name="uv_video_thumb.jpg" server="ftp.pileum.com" local="3267662400" remote="3267662400" /><file name="catapult.jpg" server="ftp.pileum.com/httpdocs/" local="3267662400" remote="54917293332" /><file name="catapult_thumb.jpg" server="ftp.pileum.com/httpdocs/" local="3267662400" remote="80687097108" /><file name="e_bead_box.jpg" server="ftp.pileum.com/httpdocs/" local="3267662400" remote="63507227924" /><file name="e_bead_box_thumb.jpg" server="ftp.pileum.com/httpdocs/" local="3267662400" remote="89277031700" /><file name="e_chipbox.jpg" server="ftp.pileum.com/httpdocs/" local="3267662400" remote="59212260628" /><file name="e_chipbox_thumb.jpg" server="ftp.pileum.com/httpdocs/" local="3267662400" remote="84982064404" /><file name="e_collapsible_quinc.jpg" server="ftp.pileum.com/httpdocs/" local="3267662400" remote="102161933588" /><file name="e_collapsible_quinc_thumb.jpg" server="ftp.pileum.com/httpdocs/" local="3267662400" remote="127931737364" /><file name="e_deming_funnel.jpg" server="ftp.pileum.com/httpdocs/" local="3267662400" remote="84982064404" /><file name="e_deming_funnel_thumb.jpg" server="ftp.pileum.com/httpdocs/" local="3267662400" remote="110751868180" /><file name="e_quincunx.jpg" server="ftp.pileum.com/httpdocs/" local="3267662400" remote="63507227924" /><file name="e_quincunx_thumb.jpg" server="ftp.pileum.com/httpdocs/" local="3267662400" remote="89277031700" /><file name="e_sampling_bowl.jpg" server="ftp.pileum.com/httpdocs/" local="3267662400" remote="84982064404" /><file name="e_sampling_bowl_thumb.jpg" server="ftp.pileum.com/httpdocs/" local="3267662400" remote="110751868180" /><file name="uv_instructors_kit.jpg" server="ftp.pileum.com/httpdocs/" local="3267662400" remote="97866966292" /><file name="uv_instructors_kit_thumb.jpg" server="ftp.pileum.com/httpdocs/" local="3267662400" remote="123636770068" /><file name="uv_video.jpg" server="ftp.pileum.com/httpdocs/" local="3267662400" remote="54917293332" /><file name="uv_video_thumb.jpg" server="ftp.pileum.com/httpdocs/" local="3267662400" remote="80687097108" /></dwsync>