<?xml version="1.0" encoding="utf-8" ?><dwsync><file name="Exception.php" server="ftp.pileum.com" local="3326760000" remote="2110533240225420352" /><file name="Interchange.php" server="ftp.pileum.com" local="3326760000" remote="2110544046363137088" /><file name="InterchangeBuilder.php" server="ftp.pileum.com" local="3326760000" remote="2110549767259575360" /><file name="schema.ser" server="ftp.pileum.com" local="3326760000" remote="2138190647768273984" /><file name="Validator.php" server="ftp.pileum.com" local="3326760000" remote="2110555488156013632" /><file name="ValidatorAtom.php" server="ftp.pileum.com" local="3326760000" remote="2138179841630557248" /><file name="Exception.php" server="ftp.pileum.com/httpdocs/" local="3326760000" remote="59212260928" /><file name="Interchange.php" server="ftp.pileum.com/httpdocs/" local="3326760000" remote="67802195520" /><file name="InterchangeBuilder.php" server="ftp.pileum.com/httpdocs/" local="3326760000" remote="97866966592" /><file name="schema.ser" server="ftp.pileum.com/httpdocs/" local="3326760000" remote="46327359100" /><file name="Validator.php" server="ftp.pileum.com/httpdocs/" local="3326760000" remote="59212260988" /><file name="ValidatorAtom.php" server="ftp.pileum.com/httpdocs/" local="3326760000" remote="76392130172" /></dwsync>