<?xml version="1.0" encoding="utf-8" ?><dwsync><file name="AutoParagraph.php" server="ftp.pileum.com" local="3326760000" remote="2108309048461513792" /><file name="DisplayLinkURI.php" server="ftp.pileum.com" local="3326760000" remote="2137707395227997248" /><file name="Linkify.php" server="ftp.pileum.com" local="3326760000" remote="2137713116124435520" /><file name="PurifierLinkify.php" server="ftp.pileum.com" local="3326760000" remote="2137718837020873792" /><file name="RemoveEmpty.php" server="ftp.pileum.com" local="3326760000" remote="2137724557917312064" /><file name="SafeObject.php" server="ftp.pileum.com" local="3326760000" remote="2137730278813750336" /><file name="AutoParagraph.php" server="ftp.pileum.com/httpdocs/" local="3326760000" remote="76392130232" /><file name="DisplayLinkURI.php" server="ftp.pileum.com/httpdocs/" local="3326760000" remote="80687097528" /><file name="Linkify.php" server="ftp.pileum.com/httpdocs/" local="3326760000" remote="50622326456" /><file name="PurifierLinkify.php" server="ftp.pileum.com/httpdocs/" local="3326760000" remote="84982064824" /><file name="RemoveEmpty.php" server="ftp.pileum.com/httpdocs/" local="3326760000" remote="67802195640" /><file name="SafeObject.php" server="ftp.pileum.com/httpdocs/" local="3326760000" remote="63507228344" /></dwsync>