<?xml version="1.0" encoding="utf-8" ?><dwsync><file name="Composite.php" server="ftp.pileum.com" local="3326760000" remote="2108413227188245568" /><file name="Core.php" server="ftp.pileum.com" local="3326760000" remote="2109639457531122752" /><file name="FixNesting.php" server="ftp.pileum.com" local="3326760000" remote="2109645178427561024" /><file name="MakeWellFormed.php" server="ftp.pileum.com" local="3326760000" remote="2109650899323999296" /><file name="RemoveForeignElements.php" server="ftp.pileum.com" local="3326760000" remote="2109656620220437568" /><file name="ValidateAttributes.php" server="ftp.pileum.com" local="3326760000" remote="2109662341116875840" /><file name="Composite.php" server="ftp.pileum.com/httpdocs/" local="3326760000" remote="59212261108" /><file name="Core.php" server="ftp.pileum.com/httpdocs/" local="3326760000" remote="37737424628" /><file name="FixNesting.php" server="ftp.pileum.com/httpdocs/" local="3326760000" remote="63507228404" /><file name="MakeWellFormed.php" server="ftp.pileum.com/httpdocs/" local="3326760000" remote="80687097588" /><file name="RemoveForeignElements.php" server="ftp.pileum.com/httpdocs/" local="3326760000" remote="110751868660" /><file name="ValidateAttributes.php" server="ftp.pileum.com/httpdocs/" local="3326760000" remote="97866966772" /></dwsync>