<?xml version="1.0" encoding="utf-8" ?><dwsync><file name="AlphaValue.php" server="ftp.pileum.com" local="3326760000" remote="2110496544024843328" /><file name="Background.php" server="ftp.pileum.com" local="3326760000" remote="2110005371564872768" /><file name="BackgroundPosition.php" server="ftp.pileum.com" local="3326760000" remote="2110011092461311040" /><file name="Border.php" server="ftp.pileum.com" local="3326760000" remote="2110016813357749312" /><file name="Color.php" server="ftp.pileum.com" local="3326760000" remote="2110022534254187584" /><file name="Composite.php" server="ftp.pileum.com" local="3326760000" remote="2110028255150625856" /><file name="DenyElementDecorator.php" server="ftp.pileum.com" local="3326760000" remote="2110033976047064128" /><file name="Filter.php" server="ftp.pileum.com" local="3326760000" remote="2110039696943502400" /><file name="Font.php" server="ftp.pileum.com" local="3326760000" remote="2139440861208532032" /><file name="FontFamily.php" server="ftp.pileum.com" local="3326760000" remote="2139446582104970304" /><file name="ImportantDecorator.php" server="ftp.pileum.com" local="3326760000" remote="2139452303001408576" /><file name="Length.php" server="ftp.pileum.com" local="3326760000" remote="2139458023897846848" /><file name="ListStyle.php" server="ftp.pileum.com" local="3326760000" remote="2139463744794285120" /><file name="Multiple.php" server="ftp.pileum.com" local="3326760000" remote="2139469465690723392" /><file name="Number.php" server="ftp.pileum.com" local="3326760000" remote="2139475186587161664" /><file name="Percentage.php" server="ftp.pileum.com" local="3326760000" remote="2139499599181272128" /><file name="TextDecoration.php" server="ftp.pileum.com" local="3326760000" remote="2139505320077710400" /><file name="URI.php" server="ftp.pileum.com" local="3326760000" remote="2139511040974148672" /><file name="AlphaValue.php" server="ftp.pileum.com/httpdocs/" local="3326760000" remote="63507228224" /><file name="Background.php" server="ftp.pileum.com/httpdocs/" local="3326760000" remote="63507228224" /><file name="BackgroundPosition.php" server="ftp.pileum.com/httpdocs/" local="3326760000" remote="97866966592" /><file name="Border.php" server="ftp.pileum.com/httpdocs/" local="3326760000" remote="46327359040" /><file name="Color.php" server="ftp.pileum.com/httpdocs/" local="3326760000" remote="42032391744" /><file name="Composite.php" server="ftp.pileum.com/httpdocs/" local="3326760000" remote="59212260928" /><file name="DenyElementDecorator.php" server="ftp.pileum.com/httpdocs/" local="3326760000" remote="106456901184" /><file name="Filter.php" server="ftp.pileum.com/httpdocs/" local="3326760000" remote="46327359040" /><file name="Font.php" server="ftp.pileum.com/httpdocs/" local="3326760000" remote="37737424448" /><file name="FontFamily.php" server="ftp.pileum.com/httpdocs/" local="3326760000" remote="63507228224" /><file name="ImportantDecorator.php" server="ftp.pileum.com/httpdocs/" local="3326760000" remote="97866966592" /><file name="Length.php" server="ftp.pileum.com/httpdocs/" local="3326760000" remote="46327359040" /><file name="ListStyle.php" server="ftp.pileum.com/httpdocs/" local="3326760000" remote="59212260928" /><file name="Multiple.php" server="ftp.pileum.com/httpdocs/" local="3326760000" remote="54917293632" /><file name="Number.php" server="ftp.pileum.com/httpdocs/" local="3326760000" remote="46327359040" /><file name="Percentage.php" server="ftp.pileum.com/httpdocs/" local="3326760000" remote="63507228224" /><file name="TextDecoration.php" server="ftp.pileum.com/httpdocs/" local="3326760000" remote="80687097408" /><file name="URI.php" server="ftp.pileum.com/httpdocs/" local="3326760000" remote="33442457152" /></dwsync>