<?xml version="1.0" encoding="utf-8" ?><dwsync><file name="DirectLex.php" server="ftp.pileum.com" local="3326760000" remote="2109739598988596288" /><file name="DOMLex.php" server="ftp.pileum.com" local="3326760000" remote="2108324304185349184" /><file name="PEARSax3.php" server="ftp.pileum.com" local="3326760000" remote="2109745319885034560" /><file name="PH5P.php" server="ftp.pileum.com" local="3326760000" remote="2137171761266578496" /><file name="DirectLex.php" server="ftp.pileum.com/httpdocs/" local="3326760000" remote="59212261048" /><file name="DOMLex.php" server="ftp.pileum.com/httpdocs/" local="3326760000" remote="46327359160" /><file name="PEARSax3.php" server="ftp.pileum.com/httpdocs/" local="3326760000" remote="54917293752" /><file name="PH5P.php" server="ftp.pileum.com/httpdocs/" local="3326760000" remote="37737424628" /></dwsync>