<?xml version="1.0" encoding="utf-8" ?><dwsync><file name="about_us.php" server="ftp.pileum.com" local="3267662400" remote="2165869031872303680" /><file name="books.php" server="ftp.pileum.com" local="3276475200" remote="2165873481467235136" /><file name="contact_us.php" server="ftp.pileum.com" local="3326760000" remote="391255460814672960" /><file name="favicon.ico" server="ftp.pileum.com" local="3273278400" remote="2165685138558174144" /><file name="index.php" server="ftp.pileum.com" local="3364830840" remote="389587965569875576" /><file name="other_products.php" server="ftp.pileum.com" local="3276475200" remote="2165586337133693760" /><file name="reading_room.php" server="ftp.pileum.com" local="3353630400" remote="375634956843767488" /><file name="screen.css" server="ftp.pileum.com" local="3324427200" remote="375639406400682944" /><file name="seminars.php" server="ftp.pileum.com" local="3301531200" remote="67726040640" /><file name="about_us.php" server="ftp.pileum.com/httpdocs/" local="3267662400" remote="54917293272" /><file name="books.php" server="ftp.pileum.com/httpdocs/" local="3276475200" remote="42032391384" /><file name="contact_us.php" server="ftp.pileum.com/httpdocs/" local="3326760000" remote="63507227864" /><file name="favicon.ico" server="ftp.pileum.com/httpdocs/" local="3273278400" remote="50622325976" /><file name="index.php" server="ftp.pileum.com/httpdocs/" local="3364830840" remote="42032391444" /><file name="other_products.php" server="ftp.pileum.com/httpdocs/" local="3276475200" remote="80687097588" /><file name="reading_room.php" server="ftp.pileum.com/httpdocs/" local="3353630400" remote="72097163176" /><file name="screen.css" server="ftp.pileum.com/httpdocs/" local="3324427200" remote="46327359400" /><file name="seminars.php" server="ftp.pileum.com/httpdocs/" local="3301531200" remote="54917293992" /></dwsync>