<?xml version="1.0" encoding="utf-8" ?><dwsync><file name="4_ways_measurements.pdf" server="ftp.pileum.com" local="3317605200" remote="2101014802414347088" /><file name="ExpRandoObs.pdf" server="ftp.pileum.com" local="3317605200" remote="409587446376735568" /><file name="Final-Fall-GDA-Adv.pdf" server="ftp.pileum.com" local="3317605200" remote="2101063163746100048" /><file name="How.pdf" server="ftp.pileum.com" local="3294100800" remote="2101068884619033920" /><file name="Manufacturing_Specification.pdf" server="ftp.pileum.com" local="3317605200" remote="2101074605538976592" /><file name="McNary.pdf" server="ftp.pileum.com" local="3317605200" remote="2101080326435414864" /><file name="Relative_Probable_Error.pdf" server="ftp.pileum.com" local="3317605200" remote="2101091768228291408" /><file name="Selden.pdf" server="ftp.pileum.com" local="3317605200" remote="2101097489124729680" /><file name="Senge.pdf" server="ftp.pileum.com" local="3317605200" remote="377061281087005520" /><file name="Simonton.pdf" server="ftp.pileum.com" local="3317605200" remote="377067001983443792" /><file name="Study_of_SPC.pdf" server="ftp.pileum.com" local="3317605200" remote="377072722879882064" /><file name="The_Final_6_Sigma_Zone.pdf" server="ftp.pileum.com" local="3317605200" remote="377078443776320336" /><file name="ThreeBasicQuestions.pdf" server="ftp.pileum.com" local="3317605200" remote="377084164672758608" /><file name="ThreeTypesofAction.pdf" server="ftp.pileum.com" local="3317605200" remote="377089885569196880" /><file name="Wh_Chaos_Theory.pdf" server="ftp.pileum.com" local="3317605200" remote="377095606465635152" /><file name="Wh_Chunky_Data.pdf" server="ftp.pileum.com" local="3317605200" remote="377128815152767824" /><file name="Wh_Make_PBC_Work.pdf" server="ftp.pileum.com" local="3317605200" remote="377134536049206096" /><file name="Wh_Modest_Proposal.pdf" server="ftp.pileum.com" local="3317605200" remote="377140256945644368" /><file name="Wh_Save_Big_Bucks.pdf" server="ftp.pileum.com" local="3317605200" remote="377145977842082640" /><file name="Wh_Two_plus_Two.pdf" server="ftp.pileum.com" local="3317605200" remote="377151698738520912" /><file name="Wh_Ways_to_Use_Charts.pdf" server="ftp.pileum.com" local="3317605200" remote="377157419634959184" /><file name="Wh_Why_Training.pdf" server="ftp.pileum.com" local="3317605200" remote="377163140531397456" /><file name="Wheeler_Intro_07.pdf" server="ftp.pileum.com" local="3298507200" remote="377213941385476544" /><file name="Wheeler_Neave.pdf" server="ftp.pileum.com" local="3317605200" remote="377219662301012816" /><file name="Wubbolding.pdf" server="ftp.pileum.com" local="3317605200" remote="377225383197451088" /><file name="an_honest_gauge.pdf" server="ftp.pileum.com" local="3317605200" remote="377236824990327632" /><file name="axiomarticle.pdf" server="ftp.pileum.com" local="3317605200" remote="377242545886765904" /><file name="charts_clinical_settings.pdf" server="ftp.pileum.com" local="3299198400" remote="377248266764797376" /><file name="deming_dimension.pdf" server="ftp.pileum.com" local="3317605200" remote="377253987679642448" /><file name="deming_memorial_essay.pdf" server="ftp.pileum.com" local="3318296400" remote="412612305944653648" /><file name="good_data_ bad_data.pdf" server="ftp.pileum.com" local="3317605200" remote="412618026840400720" /><file name="tracking_qualAssurData.pdf" server="ftp.pileum.com" local="3317605200" remote="412646631322592080" /><file name="three_questions.pdf" server="ftp.pileum.com" local="3313976400" remote="412640910422525008" /><file name="DJW084.pdf" server="ftp.pileum.com" local="3317605200" remote="376750256735298384" /><file name="DJW088.pdf" server="ftp.pileum.com" local="3317605200" remote="376755977631736656" /><file name="DJW110.pdf" server="ftp.pileum.com" local="3317605200" remote="376761698528174928" /><file name="DJW111.pdf" server="ftp.pileum.com" local="3317605200" remote="409494383025365840" /><file name="DJW124.pdf" server="ftp.pileum.com" local="3317605200" remote="409500103921804112" /><file name="DJW129.pdf" server="ftp.pileum.com" local="3317605200" remote="409505824818242384" /><file name="DJW157.pdf" server="ftp.pileum.com" local="3317605200" remote="409511545714680656" /><file name="DJW165.pdf" server="ftp.pileum.com" local="3317605200" remote="409517266611118928" /><file name="DJW168.pdf" server="ftp.pileum.com" local="3317605200" remote="409522987507557200" /><file name="DJW173.pdf" server="ftp.pileum.com" local="3317605200" remote="409528708403995472" /><file name="DJW175.pdf" server="ftp.pileum.com" local="3317605200" remote="409553120998105936" /><file name="DJW177.pdf" server="ftp.pileum.com" local="3317605200" remote="409558841894544208" /><file name="DJW187.pdf" server="ftp.pileum.com" local="3317605200" remote="409564562790982480" /><file name="DJW189.pdf" server="ftp.pileum.com" local="3317605200" remote="409570283687420752" /><file name="DJW191.pdf" server="ftp.pileum.com" local="3317605200" remote="409576004583859024" /><file name="DJW192.pdf" server="ftp.pileum.com" local="3317605200" remote="409581725480297296" /><file name="Neave97.pdf" server="ftp.pileum.com" local="3317605200" remote="2101086047331853136" /><file name="Zunich.pdf" server="ftp.pileum.com" local="3317605200" remote="377231104093889360" /><file name="only_reason_to_collect.pdf" server="ftp.pileum.com" local="3318296400" remote="412629468633968464" /><file name="two_routes.pdf" server="ftp.pileum.com" local="3350437200" remote="377312949023513936" /><file name="two_ways_asq.pdf" server="ftp.pileum.com" local="3353716800" remote="377318669923231808" /><file name="high_vol.pdf" server="ftp.pileum.com" local="3370304395" remote="412142110156964812" /><file name="secrets.pdf" server="ftp.pileum.com" local="3370304413" remote="412142110156964812" /><file name="4_ways_measurements.pdf" server="ftp.pileum.com/httpdocs/" local="3317605200" remote="102161934068" /><file name="an_honest_gauge.pdf" server="ftp.pileum.com/httpdocs/" local="3317605200" remote="84982064884" /><file name="axiomarticle.pdf" server="ftp.pileum.com/httpdocs/" local="3317605200" remote="72097162996" /><file name="charts_clinical_settings.pdf" server="ftp.pileum.com/httpdocs/" local="3299198400" remote="123636770608" /><file name="deming_dimension.pdf" server="ftp.pileum.com/httpdocs/" local="3317605200" remote="89277032240" /><file name="deming_memorial_essay.pdf" server="ftp.pileum.com/httpdocs/" local="3318296400" remote="110751868720" /><file name="DJW084.pdf" server="ftp.pileum.com/httpdocs/" local="3317605200" remote="46327359280" /><file name="DJW088.pdf" server="ftp.pileum.com/httpdocs/" local="3317605200" remote="46327359280" /><file name="DJW110.pdf" server="ftp.pileum.com/httpdocs/" local="3317605200" remote="46327359280" /><file name="DJW111.pdf" server="ftp.pileum.com/httpdocs/" local="3317605200" remote="46327359280" /><file name="DJW124.pdf" server="ftp.pileum.com/httpdocs/" local="3317605200" remote="46327359280" /><file name="DJW129.pdf" server="ftp.pileum.com/httpdocs/" local="3317605200" remote="46327359280" /><file name="DJW157.pdf" server="ftp.pileum.com/httpdocs/" local="3317605200" remote="46327359280" /><file name="DJW165.pdf" server="ftp.pileum.com/httpdocs/" local="3317605200" remote="46327359280" /><file name="DJW168.pdf" server="ftp.pileum.com/httpdocs/" local="3317605200" remote="46327359280" /><file name="DJW173.pdf" server="ftp.pileum.com/httpdocs/" local="3317605200" remote="46327359280" /><file name="DJW175.pdf" server="ftp.pileum.com/httpdocs/" local="3317605200" remote="46327359280" /><file name="DJW177.pdf" server="ftp.pileum.com/httpdocs/" local="3317605200" remote="46327359280" /><file name="DJW187.pdf" server="ftp.pileum.com/httpdocs/" local="3317605200" remote="46327359280" /><file name="DJW189.pdf" server="ftp.pileum.com/httpdocs/" local="3317605200" remote="46327359280" /><file name="DJW191.pdf" server="ftp.pileum.com/httpdocs/" local="3317605200" remote="46327359280" /><file name="DJW192.pdf" server="ftp.pileum.com/httpdocs/" local="3317605200" remote="46327359280" /><file name="ExpRandoObs.pdf" server="ftp.pileum.com/httpdocs/" local="3317605200" remote="67802195760" /><file name="Final-Fall-GDA-Adv.pdf" server="ftp.pileum.com/httpdocs/" local="3317605200" remote="97866966832" /><file name="good_data_ bad_data.pdf" server="ftp.pileum.com/httpdocs/" local="3317605200" remote="102161934128" /><file name="high_vol.pdf" server="ftp.pileum.com/httpdocs/" local="3370304395" remote="54917293932" /><file name="How.pdf" server="ftp.pileum.com/httpdocs/" local="3294100800" remote="33442457452" /><file name="Manufacturing_Specification.pdf" server="ftp.pileum.com/httpdocs/" local="3317605200" remote="136521672556" /><file name="McNary.pdf" server="ftp.pileum.com/httpdocs/" local="3317605200" remote="46327359340" /><file name="Neave97.pdf" server="ftp.pileum.com/httpdocs/" local="3317605200" remote="50622326636" /><file name="only_reason_to_collect.pdf" server="ftp.pileum.com/httpdocs/" local="3318296400" remote="115046836076" /><file name="Relative_Probable_Error.pdf" server="ftp.pileum.com/httpdocs/" local="3317605200" remote="119341803372" /><file name="secrets.pdf" server="ftp.pileum.com/httpdocs/" local="3370304413" remote="50622326636" /><file name="Selden.pdf" server="ftp.pileum.com/httpdocs/" local="3317605200" remote="46327359340" /><file name="Senge.pdf" server="ftp.pileum.com/httpdocs/" local="3317605200" remote="42032392044" /><file name="Simonton.pdf" server="ftp.pileum.com/httpdocs/" local="3317605200" remote="54917293932" /><file name="Study_of_SPC.pdf" server="ftp.pileum.com/httpdocs/" local="3317605200" remote="72097163116" /><file name="The_Final_6_Sigma_Zone.pdf" server="ftp.pileum.com/httpdocs/" local="3317605200" remote="115046836076" /><file name="three_questions.pdf" server="ftp.pileum.com/httpdocs/" local="3313976400" remote="84982065004" /><file name="ThreeBasicQuestions.pdf" server="ftp.pileum.com/httpdocs/" local="3317605200" remote="102161934188" /><file name="ThreeTypesofAction.pdf" server="ftp.pileum.com/httpdocs/" local="3317605200" remote="97866966892" /><file name="tracking_qualAssurData.pdf" server="ftp.pileum.com/httpdocs/" local="3317605200" remote="115046836076" /><file name="two_routes.pdf" server="ftp.pileum.com/httpdocs/" local="3350437200" remote="63507228524" /><file name="two_ways_asq.pdf" server="ftp.pileum.com/httpdocs/" local="3353716800" remote="72097163116" /><file name="Wh_Chaos_Theory.pdf" server="ftp.pileum.com/httpdocs/" local="3317605200" remote="84982065004" /><file name="Wh_Chunky_Data.pdf" server="ftp.pileum.com/httpdocs/" local="3317605200" remote="80687097708" /><file name="Wh_Make_PBC_Work.pdf" server="ftp.pileum.com/httpdocs/" local="3317605200" remote="89277032300" /><file name="Wh_Modest_Proposal.pdf" server="ftp.pileum.com/httpdocs/" local="3317605200" remote="97866966892" /><file name="Wh_Save_Big_Bucks.pdf" server="ftp.pileum.com/httpdocs/" local="3317605200" remote="93571999656" /><file name="Wh_Two_plus_Two.pdf" server="ftp.pileum.com/httpdocs/" local="3317605200" remote="84982065064" /><file name="Wh_Ways_to_Use_Charts.pdf" server="ftp.pileum.com/httpdocs/" local="3317605200" remote="110751868840" /><file name="Wh_Why_Training.pdf" server="ftp.pileum.com/httpdocs/" local="3317605200" remote="84982065064" /><file name="Wheeler_Intro_07.pdf" server="ftp.pileum.com/httpdocs/" local="3298507200" remote="89277032360" /><file name="Wheeler_Neave.pdf" server="ftp.pileum.com/httpdocs/" local="3317605200" remote="76392130472" /><file name="Wubbolding.pdf" server="ftp.pileum.com/httpdocs/" local="3317605200" remote="63507228584" /><file name="Zunich.pdf" server="ftp.pileum.com/httpdocs/" local="3317605200" remote="46327359400" /></dwsync>