<?xml version="1.0" encoding="utf-8" ?><dwsync><file name="AdvTop.jpg" server="ftp.pileum.com" local="3288052800" remote="2085867913020683328" /><file name="Casual Ed.jpg" server="ftp.pileum.com" local="3288052800" remote="2085867913020683328" /><file name="EMP3.jpg" server="ftp.pileum.com" local="3288052800" remote="2085867913020683328" /><file name="ExpRandoObs.pdf" server="ftp.pileum.com" local="3288052800" remote="2085867913020683328" /><file name="GDA-cover.jpg" server="ftp.pileum.com" local="3288052800" remote="2085867913020683328" /><file name="Pen&Ink.jpg" server="ftp.pileum.com" local="3288052800" remote="2085867913020683328" /><file name="ProEval.jpg" server="ftp.pileum.com" local="3288052800" remote="2085867913020683328" /><file name="SPCINK.jpg" server="ftp.pileum.com" local="3288052800" remote="2085867913020683328" /><file name="Wheeler-Books.png" server="ftp.pileum.com" local="3288052800" remote="2085867913020683328" /><file name="Zunich .jpg" server="ftp.pileum.com" local="3288052800" remote="2085867913020683328" /><file name="awardwinnercochran.jpg" server="ftp.pileum.com" local="3288052800" remote="2085867913020683328" /><file name="beach.jpg" server="ftp.pileum.com" local="3288052800" remote="2085867913020683328" /><file name="bluecog.jpg" server="ftp.pileum.com" local="3288052800" remote="2085867913020683328" /><file name="bluecogsmall.jpg" server="ftp.pileum.com" local="3288052800" remote="2085867913020683328" /><file name="bullet.jpg" server="ftp.pileum.com" local="3288052800" remote="2085867913020683328" /><file name="donwheelerpic.jpg" server="ftp.pileum.com" local="3288052800" remote="2085867913020683328" /><file name="emp.jpg" server="ftp.pileum.com" local="3288052800" remote="2085867913020683328" /><file name="emp3_big.jpg" server="ftp.pileum.com" local="3288052800" remote="2085867913020683328" /><file name="insideout.jpg" server="ftp.pileum.com" local="3288052800" remote="2085867913020683328" /><file name="makingsensedata.jpg" server="ftp.pileum.com" local="3288052800" remote="2085867913020683328" /><file name="miamiconference.jpg" server="ftp.pileum.com" local="3288052800" remote="2085867913020683328" /><file name="penandink.jpg" server="ftp.pileum.com" local="3288052800" remote="2085867913020683328" /><file name="practprocessimprov.jpg" server="ftp.pileum.com" local="3288052800" remote="2085867913020683328" /><file name="redcogsmall.jpg" server="ftp.pileum.com" local="3288052800" remote="2085867913020683328" /><file name="springcleaning.jpg" server="ftp.pileum.com" local="3288052800" remote="2085867913020683328" /><file name="understandvariation.jpg" server="ftp.pileum.com" local="3288052800" remote="2085867913020683328" /><file name="uspc.jpg" server="ftp.pileum.com" local="3288052800" remote="2085867913020683328" /><file name="vbulletin3_logo_white.gif" server="ftp.pileum.com" local="3288052800" remote="2085867913020683328" /><file name="AdvTop.jpg" server="ftp.pileum.com/httpdocs/" local="3288052800" remote="46327358800" /><file name="awardwinnercochran.jpg" server="ftp.pileum.com/httpdocs/" local="3288052800" remote="97866966352" /><file name="beach.jpg" server="ftp.pileum.com/httpdocs/" local="3288052800" remote="42032391504" /><file name="bluecog.jpg" server="ftp.pileum.com/httpdocs/" local="3288052800" remote="50622326096" /><file name="bluecogsmall.jpg" server="ftp.pileum.com/httpdocs/" local="3288052800" remote="72097162576" /><file name="bullet.jpg" server="ftp.pileum.com/httpdocs/" local="3288052800" remote="46327358800" /><file name="Casual Ed.jpg" server="ftp.pileum.com/httpdocs/" local="3288052800" remote="59212260688" /><file name="donwheelerpic.jpg" server="ftp.pileum.com/httpdocs/" local="3288052800" remote="76392129872" /><file name="emp.jpg" server="ftp.pileum.com/httpdocs/" local="3288052800" remote="33442456912" /><file name="EMP3.jpg" server="ftp.pileum.com/httpdocs/" local="3288052800" remote="37737424208" /><file name="emp3_big.jpg" server="ftp.pileum.com/httpdocs/" local="3288052800" remote="54917293392" /><file name="ExpRandoObs.pdf" server="ftp.pileum.com/httpdocs/" local="3288052800" remote="67802195280" /><file name="GDA-cover.jpg" server="ftp.pileum.com/httpdocs/" local="3288052800" remote="59212260688" /><file name="insideout.jpg" server="ftp.pileum.com/httpdocs/" local="3288052800" remote="59212260688" /><file name="makingsensedata.jpg" server="ftp.pileum.com/httpdocs/" local="3288052800" remote="84982064464" /><file name="miamiconference.jpg" server="ftp.pileum.com/httpdocs/" local="3288052800" remote="84982064464" /><file name="Pen&Ink.jpg" server="ftp.pileum.com/httpdocs/" local="3288052800" remote="50622326096" /><file name="penandink.jpg" server="ftp.pileum.com/httpdocs/" local="3288052800" remote="59212260688" /><file name="practprocessimprov.jpg" server="ftp.pileum.com/httpdocs/" local="3288052800" remote="97866966352" /><file name="ProEval.jpg" server="ftp.pileum.com/httpdocs/" local="3288052800" remote="50622326096" /><file name="redcogsmall.jpg" server="ftp.pileum.com/httpdocs/" local="3288052800" remote="67802195280" /><file name="SPCINK.jpg" server="ftp.pileum.com/httpdocs/" local="3288052800" remote="46327358800" /><file name="springcleaning.jpg" server="ftp.pileum.com/httpdocs/" local="3288052800" remote="80687097168" /><file name="understandvariation.jpg" server="ftp.pileum.com/httpdocs/" local="3288052800" remote="102161933648" /><file name="uspc.jpg" server="ftp.pileum.com/httpdocs/" local="3288052800" remote="37737424208" /><file name="vbulletin3_logo_white.gif" server="ftp.pileum.com/httpdocs/" local="3288052800" remote="110751868240" /><file name="Wheeler-Books.png" server="ftp.pileum.com/httpdocs/" local="3288052800" remote="76392129992" /><file name="Zunich .jpg" server="ftp.pileum.com/httpdocs/" local="3288052800" remote="50622326216" /></dwsync>