<?xml version="1.0" encoding="utf-8" ?><dwsync><file name="Comment.php" server="ftp.pileum.com" local="3326760000" remote="2108423397670802496" /><file name="Empty.php" server="ftp.pileum.com" local="3326760000" remote="2137655597922407488" /><file name="End.php" server="ftp.pileum.com" local="3326760000" remote="2137661318818845760" /><file name="Start.php" server="ftp.pileum.com" local="3326760000" remote="2137667039715284032" /><file name="Tag.php" server="ftp.pileum.com" local="3326760000" remote="2137672760611722304" /><file name="Text.php" server="ftp.pileum.com" local="3326760000" remote="2137678481508160576" /><file name="Comment.php" server="ftp.pileum.com/httpdocs/" local="3326760000" remote="50622326516" /><file name="Empty.php" server="ftp.pileum.com/httpdocs/" local="3326760000" remote="42032391924" /><file name="End.php" server="ftp.pileum.com/httpdocs/" local="3326760000" remote="33442457332" /><file name="Start.php" server="ftp.pileum.com/httpdocs/" local="3326760000" remote="42032391924" /><file name="Tag.php" server="ftp.pileum.com/httpdocs/" local="3326760000" remote="33442457332" /><file name="Text.php" server="ftp.pileum.com/httpdocs/" local="3326760000" remote="37737424628" /></dwsync>