<?xml version="1.0" encoding="utf-8" ?><dwsync><file name="Email.php" server="ftp.pileum.com" local="3326760000" remote="2139293818708186176" /><file name="Host.php" server="ftp.pileum.com" local="3326760000" remote="2139299539604624448" /><file name="IPv4.php" server="ftp.pileum.com" local="3326760000" remote="2139305260501062720" /><file name="IPv6.php" server="ftp.pileum.com" local="3326760000" remote="2139310981397500992" /><file name="Email.php" server="ftp.pileum.com/httpdocs/" local="3326760000" remote="42032391744" /><file name="Host.php" server="ftp.pileum.com/httpdocs/" local="3326760000" remote="37737424448" /><file name="IPv4.php" server="ftp.pileum.com/httpdocs/" local="3326760000" remote="37737424448" /><file name="IPv6.php" server="ftp.pileum.com/httpdocs/" local="3326760000" remote="37737424448" /></dwsync>