<?xml version="1.0" encoding="utf-8" ?><dwsync><file name="Name.php" server="ftp.pileum.com" local="3326760000" remote="2136951962020238400" /><file name="Proprietary.php" server="ftp.pileum.com" local="3326760000" remote="2109938524693877824" /><file name="Strict.php" server="ftp.pileum.com" local="3326760000" remote="2109944245590316096" /><file name="Transitional.php" server="ftp.pileum.com" local="3326760000" remote="2109949966486754368" /><file name="XHTML.php" server="ftp.pileum.com" local="3326760000" remote="2109955687383192640" /><file name="XHTMLAndHTML4.php" server="ftp.pileum.com" local="3326760000" remote="2109961408279630912" /><file name="Name.php" server="ftp.pileum.com/httpdocs/" local="3326760000" remote="37737424568" /><file name="Proprietary.php" server="ftp.pileum.com/httpdocs/" local="3326760000" remote="67802195640" /><file name="Strict.php" server="ftp.pileum.com/httpdocs/" local="3326760000" remote="46327359160" /><file name="Transitional.php" server="ftp.pileum.com/httpdocs/" local="3326760000" remote="72097162936" /><file name="XHTML.php" server="ftp.pileum.com/httpdocs/" local="3326760000" remote="42032391864" /><file name="XHTMLAndHTML4.php" server="ftp.pileum.com/httpdocs/" local="3326760000" remote="76392130232" /></dwsync>