<?xml version="1.0" encoding="utf-8" ?><dwsync><file name="AttrCollections.php" server="ftp.pileum.com" local="3326760000" remote="2132145773356930112" /><file name="AttrDef.php" server="ftp.pileum.com" local="3326760000" remote="2108741826546127936" /><file name="AttrTransform.php" server="ftp.pileum.com" local="3326760000" remote="2108752632683844672" /><file name="AttrTypes.php" server="ftp.pileum.com" local="3326760000" remote="2137074076530398272" /><file name="AttrValidator.php" server="ftp.pileum.com" local="3326760000" remote="2137079797426836544" /><file name="Bootstrap.php" server="ftp.pileum.com" local="3326760000" remote="2137085518323274816" /><file name="ChildDef.php" server="ftp.pileum.com" local="3326760000" remote="2137102045357429824" /><file name="Config.php" server="ftp.pileum.com" local="3326760000" remote="2137107766253868096" /><file name="ConfigSchema.php" server="ftp.pileum.com" local="3326760000" remote="2108833635767047232" /><file name="ContentSets.php" server="ftp.pileum.com" local="3326760000" remote="2108839356663485504" /><file name="Context.php" server="ftp.pileum.com" local="3326760000" remote="2108845077559923776" /><file name="CSSDefinition.php" server="ftp.pileum.com" local="3326760000" remote="2137091239219713088" /><file name="Definition.php" server="ftp.pileum.com" local="3326760000" remote="2108850798456362048" /><file name="DefinitionCache.php" server="ftp.pileum.com" local="3326760000" remote="2108861604594078784" /><file name="DefinitionCacheFactory.php" server="ftp.pileum.com" local="3326760000" remote="2109081730257933376" /><file name="Doctype.php" server="ftp.pileum.com" local="3326760000" remote="2109087451154371648" /><file name="DoctypeRegistry.php" server="ftp.pileum.com" local="3326760000" remote="2109093172050809920" /><file name="ElementDef.php" server="ftp.pileum.com" local="3326760000" remote="2109098892947248192" /><file name="Encoder.php" server="ftp.pileum.com" local="3326760000" remote="2109104613843686464" /><file name="EntityLookup.php" server="ftp.pileum.com" local="3326760000" remote="2109115419981403200" /><file name="EntityParser.php" server="ftp.pileum.com" local="3326760000" remote="2109121140877841472" /><file name="ErrorCollector.php" server="ftp.pileum.com" local="3326760000" remote="2109007015006852160" /><file name="ErrorStruct.php" server="ftp.pileum.com" local="3326760000" remote="2109012735903290432" /><file name="Exception.php" server="ftp.pileum.com" local="3326760000" remote="2109018456799728704" /><file name="Filter.php" server="ftp.pileum.com" local="3326760000" remote="2109029262937445440" /><file name="Generator.php" server="ftp.pileum.com" local="3326760000" remote="2109034983833883712" /><file name="HTMLDefinition.php" server="ftp.pileum.com" local="3326760000" remote="2109040704730321984" /><file name="HTMLModule.php" server="ftp.pileum.com" local="3326760000" remote="2137329850422809664" /><file name="HTMLModuleManager.php" server="ftp.pileum.com" local="3326760000" remote="2137335571319247936" /><file name="IDAccumulator.php" server="ftp.pileum.com" local="3326760000" remote="2137341292215686208" /><file name="Injector.php" server="ftp.pileum.com" local="3326760000" remote="2137352098353402944" /><file name="Language.php" server="ftp.pileum.com" local="3326760000" remote="2109176923913081920" /><file name="LanguageFactory.php" server="ftp.pileum.com" local="3326760000" remote="2109182644809520192" /><file name="Length.php" server="ftp.pileum.com" local="3326760000" remote="2109188365705958464" /><file name="Lexer.php" server="ftp.pileum.com" local="3326760000" remote="2109199171843675200" /><file name="PercentEncoder.php" server="ftp.pileum.com" local="3326760000" remote="2109204892740113472" /><file name="Printer.php" server="ftp.pileum.com" local="3326760000" remote="2109215698877830208" /><file name="PropertyList.php" server="ftp.pileum.com" local="3326760000" remote="2109286290960307264" /><file name="PropertyListIterator.php" server="ftp.pileum.com" local="3326760000" remote="2109292011856745536" /><file name="Strategy.php" server="ftp.pileum.com" local="3326760000" remote="2109302817994462272" /><file name="StringHash.php" server="ftp.pileum.com" local="3326760000" remote="2109308538890900544" /><file name="StringHashParser.php" server="ftp.pileum.com" local="3326760000" remote="2109314259787338816" /><file name="TagTransform.php" server="ftp.pileum.com" local="3326760000" remote="2137489056270537792" /><file name="Token.php" server="ftp.pileum.com" local="3326760000" remote="2137499862408254528" /><file name="TokenFactory.php" server="ftp.pileum.com" local="3326760000" remote="2137505583304692800" /><file name="UnitConverter.php" server="ftp.pileum.com" local="3326760000" remote="2137592083946034240" /><file name="URI.php" server="ftp.pileum.com" local="3326760000" remote="2137511304201131072" /><file name="URIDefinition.php" server="ftp.pileum.com" local="3326760000" remote="2137517025097569344" /><file name="URIFilter.php" server="ftp.pileum.com" local="3326760000" remote="2137564115119002688" /><file name="URIParser.php" server="ftp.pileum.com" local="3326760000" remote="2137569836015440960" /><file name="URIScheme.php" server="ftp.pileum.com" local="3326760000" remote="2137580642153157696" /><file name="URISchemeRegistry.php" server="ftp.pileum.com" local="3326760000" remote="2137586363049595968" /><file name="VarParser.php" server="ftp.pileum.com" local="3326760000" remote="2137602890083750976" /><file name="VarParserException.php" server="ftp.pileum.com" local="3326760000" remote="2109424829425407040" /><file name="AttrCollections.php" server="ftp.pileum.com/httpdocs/" local="3326760000" remote="84982064704" /><file name="AttrDef.php" server="ftp.pileum.com/httpdocs/" local="3326760000" remote="50622326336" /><file name="AttrTransform.php" server="ftp.pileum.com/httpdocs/" local="3326760000" remote="76392130112" /><file name="AttrTypes.php" server="ftp.pileum.com/httpdocs/" local="3326760000" remote="59212260928" /><file name="AttrValidator.php" server="ftp.pileum.com/httpdocs/" local="3326760000" remote="76392130112" /><file name="Bootstrap.php" server="ftp.pileum.com/httpdocs/" local="3326760000" remote="59212260928" /><file name="ChildDef.php" server="ftp.pileum.com/httpdocs/" local="3326760000" remote="54917293632" /><file name="Config.php" server="ftp.pileum.com/httpdocs/" local="3326760000" remote="46327359040" /><file name="ConfigSchema.php" server="ftp.pileum.com/httpdocs/" local="3326760000" remote="72097162876" /><file name="ContentSets.php" server="ftp.pileum.com/httpdocs/" local="3326760000" remote="67802195580" /><file name="Context.php" server="ftp.pileum.com/httpdocs/" local="3326760000" remote="50622326396" /><file name="CSSDefinition.php" server="ftp.pileum.com/httpdocs/" local="3326760000" remote="76392130172" /><file name="Definition.php" server="ftp.pileum.com/httpdocs/" local="3326760000" remote="63507228284" /><file name="DefinitionCache.php" server="ftp.pileum.com/httpdocs/" local="3326760000" remote="84982064824" /><file name="DefinitionCacheFactory.php" server="ftp.pileum.com/httpdocs/" local="3326760000" remote="115046835896" /><file name="Doctype.php" server="ftp.pileum.com/httpdocs/" local="3326760000" remote="50622326456" /><file name="DoctypeRegistry.php" server="ftp.pileum.com/httpdocs/" local="3326760000" remote="84982064824" /><file name="ElementDef.php" server="ftp.pileum.com/httpdocs/" local="3326760000" remote="63507228344" /><file name="Encoder.php" server="ftp.pileum.com/httpdocs/" local="3326760000" remote="50622326456" /><file name="EntityLookup.php" server="ftp.pileum.com/httpdocs/" local="3326760000" remote="72097162936" /><file name="EntityParser.php" server="ftp.pileum.com/httpdocs/" local="3326760000" remote="72097162936" /><file name="ErrorCollector.php" server="ftp.pileum.com/httpdocs/" local="3326760000" remote="80687097528" /><file name="ErrorStruct.php" server="ftp.pileum.com/httpdocs/" local="3326760000" remote="67802195640" /><file name="Exception.php" server="ftp.pileum.com/httpdocs/" local="3326760000" remote="59212261048" /><file name="Filter.php" server="ftp.pileum.com/httpdocs/" local="3326760000" remote="46327359160" /><file name="Generator.php" server="ftp.pileum.com/httpdocs/" local="3326760000" remote="59212261048" /><file name="HTMLDefinition.php" server="ftp.pileum.com/httpdocs/" local="3326760000" remote="80687097528" /><file name="HTMLModule.php" server="ftp.pileum.com/httpdocs/" local="3326760000" remote="63507228344" /><file name="HTMLModuleManager.php" server="ftp.pileum.com/httpdocs/" local="3326760000" remote="93571999416" /><file name="IDAccumulator.php" server="ftp.pileum.com/httpdocs/" local="3326760000" remote="76392130232" /><file name="Injector.php" server="ftp.pileum.com/httpdocs/" local="3326760000" remote="54917293752" /><file name="Language.php" server="ftp.pileum.com/httpdocs/" local="3326760000" remote="54917293752" /><file name="LanguageFactory.php" server="ftp.pileum.com/httpdocs/" local="3326760000" remote="84982064824" /><file name="Length.php" server="ftp.pileum.com/httpdocs/" local="3326760000" remote="46327359160" /><file name="Lexer.php" server="ftp.pileum.com/httpdocs/" local="3326760000" remote="42032391924" /><file name="PercentEncoder.php" server="ftp.pileum.com/httpdocs/" local="3326760000" remote="80687097588" /><file name="Printer.php" server="ftp.pileum.com/httpdocs/" local="3326760000" remote="50622326516" /><file name="PropertyList.php" server="ftp.pileum.com/httpdocs/" local="3326760000" remote="72097162996" /><file name="PropertyListIterator.php" server="ftp.pileum.com/httpdocs/" local="3326760000" remote="106456901364" /><file name="Strategy.php" server="ftp.pileum.com/httpdocs/" local="3326760000" remote="54917293812" /><file name="StringHash.php" server="ftp.pileum.com/httpdocs/" local="3326760000" remote="63507228404" /><file name="StringHashParser.php" server="ftp.pileum.com/httpdocs/" local="3326760000" remote="89277032180" /><file name="TagTransform.php" server="ftp.pileum.com/httpdocs/" local="3326760000" remote="72097162996" /><file name="Token.php" server="ftp.pileum.com/httpdocs/" local="3326760000" remote="42032391924" /><file name="TokenFactory.php" server="ftp.pileum.com/httpdocs/" local="3326760000" remote="72097162996" /><file name="UnitConverter.php" server="ftp.pileum.com/httpdocs/" local="3326760000" remote="76392130292" /><file name="URI.php" server="ftp.pileum.com/httpdocs/" local="3326760000" remote="33442457332" /><file name="URIDefinition.php" server="ftp.pileum.com/httpdocs/" local="3326760000" remote="76392130292" /><file name="URIFilter.php" server="ftp.pileum.com/httpdocs/" local="3326760000" remote="59212261108" /><file name="URIParser.php" server="ftp.pileum.com/httpdocs/" local="3326760000" remote="59212261108" /><file name="URIScheme.php" server="ftp.pileum.com/httpdocs/" local="3326760000" remote="59212261108" /><file name="URISchemeRegistry.php" server="ftp.pileum.com/httpdocs/" local="3326760000" remote="93571999476" /><file name="VarParser.php" server="ftp.pileum.com/httpdocs/" local="3326760000" remote="59212261108" /><file name="VarParserException.php" server="ftp.pileum.com/httpdocs/" local="3326760000" remote="97866966772" /></dwsync>