<?xml version="1.0" encoding="utf-8" ?><dwsync><file name="Background.php" server="ftp.pileum.com" local="3326760000" remote="2109902034651731008" /><file name="BdoDir.php" server="ftp.pileum.com" local="3326760000" remote="2139046411412067392" /><file name="BgColor.php" server="ftp.pileum.com" local="3326760000" remote="2139052132308505664" /><file name="BoolToCSS.php" server="ftp.pileum.com" local="3326760000" remote="2139057853204943936" /><file name="Border.php" server="ftp.pileum.com" local="3326760000" remote="2139063574101382208" /><file name="EnumToCSS.php" server="ftp.pileum.com" local="3326760000" remote="2139069294997820480" /><file name="ImgRequired.php" server="ftp.pileum.com" local="3326760000" remote="2111322242897564736" /><file name="ImgSpace.php" server="ftp.pileum.com" local="3326760000" remote="2111327963794003008" /><file name="Input.php" server="ftp.pileum.com" local="3326760000" remote="2111333684690441280" /><file name="Lang.php" server="ftp.pileum.com" local="3326760000" remote="2111339405586879552" /><file name="Length.php" server="ftp.pileum.com" local="3326760000" remote="2111345126483317824" /><file name="Name.php" server="ftp.pileum.com" local="3326760000" remote="2111350847379756096" /><file name="SafeEmbed.php" server="ftp.pileum.com" local="3326760000" remote="2111356568276194368" /><file name="SafeObject.php" server="ftp.pileum.com" local="3326760000" remote="2139101868029793344" /><file name="SafeParam.php" server="ftp.pileum.com" local="3326760000" remote="2139107588926231616" /><file name="ScriptRequired.php" server="ftp.pileum.com" local="3326760000" remote="2139113309822669888" /><file name="Textarea.php" server="ftp.pileum.com" local="3326760000" remote="2139119030719108160" /><file name="Background.php" server="ftp.pileum.com/httpdocs/" local="3326760000" remote="63507228224" /><file name="BdoDir.php" server="ftp.pileum.com/httpdocs/" local="3326760000" remote="46327359040" /><file name="BgColor.php" server="ftp.pileum.com/httpdocs/" local="3326760000" remote="50622326336" /><file name="BoolToCSS.php" server="ftp.pileum.com/httpdocs/" local="3326760000" remote="59212260928" /><file name="Border.php" server="ftp.pileum.com/httpdocs/" local="3326760000" remote="46327359040" /><file name="EnumToCSS.php" server="ftp.pileum.com/httpdocs/" local="3326760000" remote="59212260928" /><file name="ImgRequired.php" server="ftp.pileum.com/httpdocs/" local="3326760000" remote="67802195520" /><file name="ImgSpace.php" server="ftp.pileum.com/httpdocs/" local="3326760000" remote="54917293632" /><file name="Input.php" server="ftp.pileum.com/httpdocs/" local="3326760000" remote="42032391744" /><file name="Lang.php" server="ftp.pileum.com/httpdocs/" local="3326760000" remote="37737424448" /><file name="Length.php" server="ftp.pileum.com/httpdocs/" local="3326760000" remote="46327359040" /><file name="Name.php" server="ftp.pileum.com/httpdocs/" local="3326760000" remote="37737424448" /><file name="SafeEmbed.php" server="ftp.pileum.com/httpdocs/" local="3326760000" remote="59212260928" /><file name="SafeObject.php" server="ftp.pileum.com/httpdocs/" local="3326760000" remote="63507228224" /><file name="SafeParam.php" server="ftp.pileum.com/httpdocs/" local="3326760000" remote="59212260928" /><file name="ScriptRequired.php" server="ftp.pileum.com/httpdocs/" local="3326760000" remote="80687097408" /><file name="Textarea.php" server="ftp.pileum.com/httpdocs/" local="3326760000" remote="54917293632" /></dwsync>