<?xml version="1.0" encoding="utf-8" ?><dwsync><file name="Attr.AllowedFrameTargets.txt" server="ftp.pileum.com" local="3326760000" remote="2137350827043083328" /><file name="Attr.AllowedRel.txt" server="ftp.pileum.com" local="3326760000" remote="2138200818250830912" /><file name="Attr.AllowedRev.txt" server="ftp.pileum.com" local="3326760000" remote="2138206539147269184" /><file name="Attr.DefaultImageAlt.txt" server="ftp.pileum.com" local="3326760000" remote="2138197639975031872" /><file name="Attr.DefaultInvalidImage.txt" server="ftp.pileum.com" local="3326760000" remote="2138214167009186880" /><file name="Attr.DefaultInvalidImageAlt.txt" server="ftp.pileum.com" local="3326760000" remote="2138255536134181952" /><file name="Attr.DefaultTextDir.txt" server="ftp.pileum.com" local="3326760000" remote="2138260621375460416" /><file name="Attr.EnableID.txt" server="ftp.pileum.com" local="3326760000" remote="2138268884892537920" /><file name="Attr.IDBlacklist.txt" server="ftp.pileum.com" local="3326760000" remote="2138274605788976192" /><file name="Attr.IDBlacklistRegexp.txt" server="ftp.pileum.com" local="3326760000" remote="2138265706616738880" /><file name="Attr.IDPrefix.txt" server="ftp.pileum.com" local="3326760000" remote="2138285411926692928" /><file name="Attr.IDPrefixLocal.txt" server="ftp.pileum.com" local="3326760000" remote="2138291132823131200" /><file name="Attr.txt" server="ftp.pileum.com" local="3326760000" remote="2110205431141520448" /><file name="AutoFormat.AutoParagraph.txt" server="ftp.pileum.com" local="3326760000" remote="2138282233650893888" /><file name="AutoFormat.Custom.txt" server="ftp.pileum.com" local="3326760000" remote="2110216237279237184" /><file name="AutoFormat.DisplayLinkURI.txt" server="ftp.pileum.com" local="3326760000" remote="2110213059003438144" /><file name="AutoFormat.Linkify.txt" server="ftp.pileum.com" local="3326760000" remote="2110227043416953920" /><file name="AutoFormat.PurifierLinkify.txt" server="ftp.pileum.com" local="3326760000" remote="2110223865141154880" /><file name="AutoFormat.RemoveEmpty.txt" server="ftp.pileum.com" local="3326760000" remote="2110234671278871616" /><file name="AutoFormat.txt" server="ftp.pileum.com" local="3326760000" remote="2110242934795949120" /><file name="AutoFormatParam.PurifierLinkifyDocURL.txt" server="ftp.pileum.com" local="3326760000" remote="2110239756520150080" /><file name="AutoFormatParam.txt" server="ftp.pileum.com" local="3326760000" remote="2138378148860548160" /><file name="Cache.DefinitionImpl.txt" server="ftp.pileum.com" local="3326760000" remote="2138397218515342400" /><file name="Cache.SerializerPath.txt" server="ftp.pileum.com" local="3326760000" remote="2138461471226090560" /><file name="Cache.txt" server="ftp.pileum.com" local="3326760000" remote="2138469734743168064" /><file name="Core.AggressivelyFixLt.txt" server="ftp.pileum.com" local="3326760000" remote="2138466556467369024" /><file name="Core.CollectErrors.txt" server="ftp.pileum.com" local="3326760000" remote="2138480540880884800" /><file name="Core.ColorKeywords.txt" server="ftp.pileum.com" local="3326760000" remote="2138486261777323072" /><file name="Core.ConvertDocumentToFragment.txt" server="ftp.pileum.com" local="3326760000" remote="2138477362605085760" /><file name="Core.DirectLexLineNumberSyncInterval.txt" server="ftp.pileum.com" local="3326760000" remote="2110296913944925248" /><file name="Core.Encoding.txt" server="ftp.pileum.com" local="3326760000" remote="2110305177462002752" /><file name="Core.EscapeInvalidChildren.txt" server="ftp.pileum.com" local="3326760000" remote="2110301999186203712" /><file name="Core.EscapeInvalidTags.txt" server="ftp.pileum.com" local="3326760000" remote="2110312805323920448" /><file name="Core.EscapeNonASCIICharacters.txt" server="ftp.pileum.com" local="3326760000" remote="2110317890565198912" /><file name="Core.HiddenElements.txt" server="ftp.pileum.com" local="3326760000" remote="2110322975806477376" /><file name="Core.Language.txt" server="ftp.pileum.com" local="3326760000" remote="2110754551300248640" /><file name="Core.LexerImpl.txt" server="ftp.pileum.com" local="3326760000" remote="2110760272196686912" /><file name="Core.MaintainLineNumbers.txt" server="ftp.pileum.com" local="3326760000" remote="2110328061047755840" /><file name="Core.RemoveInvalidImg.txt" server="ftp.pileum.com" local="3326760000" remote="2110767900058604608" /><file name="Core.RemoveScriptContents.txt" server="ftp.pileum.com" local="3326760000" remote="2110772985299883072" /><file name="Core.txt" server="ftp.pileum.com" local="3326760000" remote="2110781248816960576" /><file name="CSS.AllowedProperties.txt" server="ftp.pileum.com" local="3326760000" remote="2138374970584749120" /><file name="CSS.AllowImportant.txt" server="ftp.pileum.com" local="3326760000" remote="2138383869756986432" /><file name="CSS.AllowTricky.txt" server="ftp.pileum.com" local="3326760000" remote="2138389590653424704" /><file name="CSS.DefinitionRev.txt" server="ftp.pileum.com" local="3326760000" remote="2138400396791141440" /><file name="CSS.MaxImgLength.txt" server="ftp.pileum.com" local="3326760000" remote="2138406117687579712" /><file name="CSS.Proprietary.txt" server="ftp.pileum.com" local="3326760000" remote="2138448122467734592" /><file name="CSS.txt" server="ftp.pileum.com" local="3326760000" remote="2138453843364172864" /><file name="Filter.Custom.txt" server="ftp.pileum.com" local="3326760000" remote="2110786969713398848" /><file name="Filter.ExtractStyleBlocks.txt" server="ftp.pileum.com" local="3326760000" remote="2110778070541161536" /><file name="Filter.txt" server="ftp.pileum.com" local="3326760000" remote="2110866168910337088" /><file name="Filter.YouTube.txt" server="ftp.pileum.com" local="3326760000" remote="2110860448013898816" /><file name="FilterParam.ExtractStyleBlocksEscaping.txt" server="ftp.pileum.com" local="3326760000" remote="2110794597575316544" /><file name="FilterParam.ExtractStyleBlocksScope.txt" server="ftp.pileum.com" local="3326760000" remote="2110873796772254784" /><file name="FilterParam.ExtractStyleBlocksTidyImpl.txt" server="ftp.pileum.com" local="3326760000" remote="2110878882013533248" /><file name="FilterParam.txt" server="ftp.pileum.com" local="3326760000" remote="2110887145530610752" /><file name="HTML.Allowed.txt" server="ftp.pileum.com" local="3326760000" remote="2110892866427049024" /><file name="HTML.AllowedAttributes.txt" server="ftp.pileum.com" local="3326760000" remote="2110883967254811712" /><file name="HTML.AllowedElements.txt" server="ftp.pileum.com" local="3326760000" remote="2110985156684305472" /><file name="HTML.AllowedModules.txt" server="ftp.pileum.com" local="3326760000" remote="2110990241925583936" /><file name="HTML.BlockWrapper.txt" server="ftp.pileum.com" local="3326760000" remote="2110998505442661440" /><file name="HTML.CoreModules.txt" server="ftp.pileum.com" local="3326760000" remote="2111004226339099712" /><file name="HTML.CustomDoctype.txt" server="ftp.pileum.com" local="3326760000" remote="2111009947235537984" /><file name="HTML.DefinitionID.txt" server="ftp.pileum.com" local="3326760000" remote="2111015668131976256" /><file name="HTML.DefinitionRev.txt" server="ftp.pileum.com" local="3326760000" remote="2111021389028414528" /><file name="HTML.Doctype.txt" server="ftp.pileum.com" local="3326760000" remote="2138597363991336000" /><file name="HTML.ForbiddenAttributes.txt" server="ftp.pileum.com" local="3326760000" remote="2110995327166862400" /><file name="HTML.ForbiddenElements.txt" server="ftp.pileum.com" local="3326760000" remote="2138604991853253696" /><file name="HTML.MaxImgLength.txt" server="ftp.pileum.com" local="3326760000" remote="2138613255370331200" /><file name="HTML.Parent.txt" server="ftp.pileum.com" local="3326760000" remote="2138618976266769472" /><file name="HTML.Proprietary.txt" server="ftp.pileum.com" local="3326760000" remote="2138624697163207744" /><file name="HTML.SafeEmbed.txt" server="ftp.pileum.com" local="3326760000" remote="2138630418059646016" /><file name="HTML.SafeObject.txt" server="ftp.pileum.com" local="3326760000" remote="2138681218932823104" /><file name="HTML.Strict.txt" server="ftp.pileum.com" local="3326760000" remote="2138686939829261376" /><file name="HTML.TidyAdd.txt" server="ftp.pileum.com" local="3326760000" remote="2138692660725699648" /><file name="HTML.TidyLevel.txt" server="ftp.pileum.com" local="3326760000" remote="2138698381622137920" /><file name="HTML.TidyRemove.txt" server="ftp.pileum.com" local="3326760000" remote="2138704102518576192" /><file name="HTML.Trusted.txt" server="ftp.pileum.com" local="3326760000" remote="2138709823415014464" /><file name="HTML.txt" server="ftp.pileum.com" local="3326760000" remote="2111096035560019008" /><file name="HTML.XHTML.txt" server="ftp.pileum.com" local="3326760000" remote="2138715544311452736" /><file name="info.ini" server="ftp.pileum.com" local="3326760000" remote="2138891895668626496" /><file name="Output.CommentScriptContents.txt" server="ftp.pileum.com" local="3326760000" remote="2138610077094532160" /><file name="Output.Newline.txt" server="ftp.pileum.com" local="3326760000" remote="2111106841697735744" /><file name="Output.SortAttr.txt" server="ftp.pileum.com" local="3326760000" remote="2111112562594174016" /><file name="Output.TidyFormat.txt" server="ftp.pileum.com" local="3326760000" remote="2111118283490612288" /><file name="Output.txt" server="ftp.pileum.com" local="3326760000" remote="2111124004387050560" /><file name="Test.ForceNoIconv.txt" server="ftp.pileum.com" local="3326760000" remote="2111129725283488832" /><file name="Test.txt" server="ftp.pileum.com" local="3326760000" remote="2111135446179927104" /><file name="URI.AllowedSchemes.txt" server="ftp.pileum.com" local="3326760000" remote="2111206038262404160" /><file name="URI.Base.txt" server="ftp.pileum.com" local="3326760000" remote="2111211759158842432" /><file name="URI.DefaultScheme.txt" server="ftp.pileum.com" local="3326760000" remote="2111217480055280704" /><file name="URI.DefinitionID.txt" server="ftp.pileum.com" local="3326760000" remote="2111223200951718976" /><file name="URI.DefinitionRev.txt" server="ftp.pileum.com" local="3326760000" remote="2111228921848157248" /><file name="URI.Disable.txt" server="ftp.pileum.com" local="3326760000" remote="2111234642744595520" /><file name="URI.DisableExternal.txt" server="ftp.pileum.com" local="3326760000" remote="2111103663421936704" /><file name="URI.DisableExternalResources.txt" server="ftp.pileum.com" local="3326760000" remote="2111243370118140992" /><file name="URI.DisableResources.txt" server="ftp.pileum.com" local="3326760000" remote="2111248455359419456" /><file name="URI.Host.txt" server="ftp.pileum.com" local="3326760000" remote="2111256718876496960" /><file name="URI.HostBlacklist.txt" server="ftp.pileum.com" local="3326760000" remote="2111262439772935232" /><file name="URI.MakeAbsolute.txt" server="ftp.pileum.com" local="3326760000" remote="2111268160669373504" /><file name="URI.Munge.txt" server="ftp.pileum.com" local="3326760000" remote="2111273881565811776" /><file name="URI.MungeResources.txt" server="ftp.pileum.com" local="3326760000" remote="2111279602462250048" /><file name="URI.MungeSecretKey.txt" server="ftp.pileum.com" local="3326760000" remote="2138875368634471488" /><file name="URI.OverrideAllowedSchemes.txt" server="ftp.pileum.com" local="3326760000" remote="2111253540600697920" /><file name="URI.txt" server="ftp.pileum.com" local="3326760000" remote="2138886174772188224" /><file name="Attr.AllowedFrameTargets.txt" server="ftp.pileum.com/httpdocs/" local="3326760000" remote="123636770368" /><file name="Attr.AllowedRel.txt" server="ftp.pileum.com/httpdocs/" local="3326760000" remote="84982064704" /><file name="Attr.AllowedRev.txt" server="ftp.pileum.com/httpdocs/" local="3326760000" remote="84982064704" /><file name="Attr.DefaultImageAlt.txt" server="ftp.pileum.com/httpdocs/" local="3326760000" remote="106456901184" /><file name="Attr.DefaultInvalidImage.txt" server="ftp.pileum.com/httpdocs/" local="3326760000" remote="123636770368" /><file name="Attr.DefaultInvalidImageAlt.txt" server="ftp.pileum.com/httpdocs/" local="3326760000" remote="136521672316" /><file name="Attr.DefaultTextDir.txt" server="ftp.pileum.com/httpdocs/" local="3326760000" remote="102161933948" /><file name="Attr.EnableID.txt" server="ftp.pileum.com/httpdocs/" local="3326760000" remote="76392130172" /><file name="Attr.IDBlacklist.txt" server="ftp.pileum.com/httpdocs/" local="3326760000" remote="89277032060" /><file name="Attr.IDBlacklistRegexp.txt" server="ftp.pileum.com/httpdocs/" local="3326760000" remote="115046835836" /><file name="Attr.IDPrefix.txt" server="ftp.pileum.com/httpdocs/" local="3326760000" remote="76392130172" /><file name="Attr.IDPrefixLocal.txt" server="ftp.pileum.com/httpdocs/" local="3326760000" remote="97866966652" /><file name="Attr.txt" server="ftp.pileum.com/httpdocs/" local="3326760000" remote="37737424508" /><file name="AutoFormat.AutoParagraph.txt" server="ftp.pileum.com/httpdocs/" local="3326760000" remote="123636770428" /><file name="AutoFormat.Custom.txt" server="ftp.pileum.com/httpdocs/" local="3326760000" remote="93571999356" /><file name="AutoFormat.DisplayLinkURI.txt" server="ftp.pileum.com/httpdocs/" local="3326760000" remote="127931737724" /><file name="AutoFormat.Linkify.txt" server="ftp.pileum.com/httpdocs/" local="3326760000" remote="97866966652" /><file name="AutoFormat.PurifierLinkify.txt" server="ftp.pileum.com/httpdocs/" local="3326760000" remote="132226705020" /><file name="AutoFormat.RemoveEmpty.txt" server="ftp.pileum.com/httpdocs/" local="3326760000" remote="115046835836" /><file name="AutoFormat.txt" server="ftp.pileum.com/httpdocs/" local="3326760000" remote="63507228284" /><file name="AutoFormatParam.PurifierLinkifyDocURL.txt" server="ftp.pileum.com/httpdocs/" local="3326760000" remote="179471345276" /><file name="AutoFormatParam.txt" server="ftp.pileum.com/httpdocs/" local="3326760000" remote="84982064764" /><file name="Cache.DefinitionImpl.txt" server="ftp.pileum.com/httpdocs/" local="3326760000" remote="106456901244" /><file name="Cache.SerializerPath.txt" server="ftp.pileum.com/httpdocs/" local="3326760000" remote="106456901244" /><file name="Cache.txt" server="ftp.pileum.com/httpdocs/" local="3326760000" remote="42032391804" /><file name="Core.AggressivelyFixLt.txt" server="ftp.pileum.com/httpdocs/" local="3326760000" remote="115046835836" /><file name="Core.CollectErrors.txt" server="ftp.pileum.com/httpdocs/" local="3326760000" remote="97866966652" /><file name="Core.ColorKeywords.txt" server="ftp.pileum.com/httpdocs/" local="3326760000" remote="97866966652" /><file name="Core.ConvertDocumentToFragment.txt" server="ftp.pileum.com/httpdocs/" local="3326760000" remote="149406574204" /><file name="Core.DirectLexLineNumberSyncInterval.txt" server="ftp.pileum.com/httpdocs/" local="3326760000" remote="175176377980" /><file name="Core.Encoding.txt" server="ftp.pileum.com/httpdocs/" local="3326760000" remote="76392130172" /><file name="Core.EscapeInvalidChildren.txt" server="ftp.pileum.com/httpdocs/" local="3326760000" remote="132226705020" /><file name="Core.EscapeInvalidTags.txt" server="ftp.pileum.com/httpdocs/" local="3326760000" remote="115046835836" /><file name="Core.EscapeNonASCIICharacters.txt" server="ftp.pileum.com/httpdocs/" local="3326760000" remote="145111606908" /><file name="Core.HiddenElements.txt" server="ftp.pileum.com/httpdocs/" local="3326760000" remote="102161933948" /><file name="Core.Language.txt" server="ftp.pileum.com/httpdocs/" local="3326760000" remote="76392130172" /><file name="Core.LexerImpl.txt" server="ftp.pileum.com/httpdocs/" local="3326760000" remote="80687097468" /><file name="Core.MaintainLineNumbers.txt" server="ftp.pileum.com/httpdocs/" local="3326760000" remote="123636770428" /><file name="Core.RemoveInvalidImg.txt" server="ftp.pileum.com/httpdocs/" local="3326760000" remote="110751868540" /><file name="Core.RemoveScriptContents.txt" server="ftp.pileum.com/httpdocs/" local="3326760000" remote="127931737724" /><file name="Core.txt" server="ftp.pileum.com/httpdocs/" local="3326760000" remote="37737424508" /><file name="CSS.AllowedProperties.txt" server="ftp.pileum.com/httpdocs/" local="3326760000" remote="110751868540" /><file name="CSS.AllowImportant.txt" server="ftp.pileum.com/httpdocs/" local="3326760000" remote="97866966652" /><file name="CSS.AllowTricky.txt" server="ftp.pileum.com/httpdocs/" local="3326760000" remote="84982064764" /><file name="CSS.DefinitionRev.txt" server="ftp.pileum.com/httpdocs/" local="3326760000" remote="93571999356" /><file name="CSS.MaxImgLength.txt" server="ftp.pileum.com/httpdocs/" local="3326760000" remote="89277032060" /><file name="CSS.Proprietary.txt" server="ftp.pileum.com/httpdocs/" local="3326760000" remote="84982064764" /><file name="CSS.txt" server="ftp.pileum.com/httpdocs/" local="3326760000" remote="33442457212" /><file name="Filter.Custom.txt" server="ftp.pileum.com/httpdocs/" local="3326760000" remote="76392130172" /><file name="Filter.ExtractStyleBlocks.txt" server="ftp.pileum.com/httpdocs/" local="3326760000" remote="127931737724" /><file name="Filter.txt" server="ftp.pileum.com/httpdocs/" local="3326760000" remote="46327359100" /><file name="Filter.YouTube.txt" server="ftp.pileum.com/httpdocs/" local="3326760000" remote="80687097468" /><file name="FilterParam.ExtractStyleBlocksEscaping.txt" server="ftp.pileum.com/httpdocs/" local="3326760000" remote="183766312572" /><file name="FilterParam.ExtractStyleBlocksScope.txt" server="ftp.pileum.com/httpdocs/" local="3326760000" remote="170881410684" /><file name="FilterParam.ExtractStyleBlocksTidyImpl.txt" server="ftp.pileum.com/httpdocs/" local="3326760000" remote="183766312572" /><file name="FilterParam.txt" server="ftp.pileum.com/httpdocs/" local="3326760000" remote="67802195580" /><file name="HTML.Allowed.txt" server="ftp.pileum.com/httpdocs/" local="3326760000" remote="72097162876" /><file name="HTML.AllowedAttributes.txt" server="ftp.pileum.com/httpdocs/" local="3326760000" remote="115046835836" /><file name="HTML.AllowedElements.txt" server="ftp.pileum.com/httpdocs/" local="3326760000" remote="106456901244" /><file name="HTML.AllowedModules.txt" server="ftp.pileum.com/httpdocs/" local="3326760000" remote="102161933948" /><file name="HTML.BlockWrapper.txt" server="ftp.pileum.com/httpdocs/" local="3326760000" remote="93571999356" /><file name="HTML.CoreModules.txt" server="ftp.pileum.com/httpdocs/" local="3326760000" remote="89277032060" /><file name="HTML.CustomDoctype.txt" server="ftp.pileum.com/httpdocs/" local="3326760000" remote="97866966652" /><file name="HTML.DefinitionID.txt" server="ftp.pileum.com/httpdocs/" local="3326760000" remote="93571999356" /><file name="HTML.DefinitionRev.txt" server="ftp.pileum.com/httpdocs/" local="3326760000" remote="97866966652" /><file name="HTML.Doctype.txt" server="ftp.pileum.com/httpdocs/" local="3326760000" remote="72097162876" /><file name="HTML.ForbiddenAttributes.txt" server="ftp.pileum.com/httpdocs/" local="3326760000" remote="123636770428" /><file name="HTML.ForbiddenElements.txt" server="ftp.pileum.com/httpdocs/" local="3326760000" remote="115046835836" /><file name="HTML.MaxImgLength.txt" server="ftp.pileum.com/httpdocs/" local="3326760000" remote="93571999356" /><file name="HTML.Parent.txt" server="ftp.pileum.com/httpdocs/" local="3326760000" remote="67802195580" /><file name="HTML.Proprietary.txt" server="ftp.pileum.com/httpdocs/" local="3326760000" remote="89277032060" /><file name="HTML.SafeEmbed.txt" server="ftp.pileum.com/httpdocs/" local="3326760000" remote="80687097468" /><file name="HTML.SafeObject.txt" server="ftp.pileum.com/httpdocs/" local="3326760000" remote="84982064764" /><file name="HTML.Strict.txt" server="ftp.pileum.com/httpdocs/" local="3326760000" remote="67802195580" /><file name="HTML.TidyAdd.txt" server="ftp.pileum.com/httpdocs/" local="3326760000" remote="72097162876" /><file name="HTML.TidyLevel.txt" server="ftp.pileum.com/httpdocs/" local="3326760000" remote="80687097468" /><file name="HTML.TidyRemove.txt" server="ftp.pileum.com/httpdocs/" local="3326760000" remote="84982064764" /><file name="HTML.Trusted.txt" server="ftp.pileum.com/httpdocs/" local="3326760000" remote="72097162876" /><file name="HTML.txt" server="ftp.pileum.com/httpdocs/" local="3326760000" remote="37737424508" /><file name="HTML.XHTML.txt" server="ftp.pileum.com/httpdocs/" local="3326760000" remote="63507228284" /><file name="info.ini" server="ftp.pileum.com/httpdocs/" local="3326760000" remote="37737424508" /><file name="Output.CommentScriptContents.txt" server="ftp.pileum.com/httpdocs/" local="3326760000" remote="140816639612" /><file name="Output.Newline.txt" server="ftp.pileum.com/httpdocs/" local="3326760000" remote="80687097468" /><file name="Output.SortAttr.txt" server="ftp.pileum.com/httpdocs/" local="3326760000" remote="84982064764" /><file name="Output.TidyFormat.txt" server="ftp.pileum.com/httpdocs/" local="3326760000" remote="93571999356" /><file name="Output.txt" server="ftp.pileum.com/httpdocs/" local="3326760000" remote="46327359100" /><file name="Test.ForceNoIconv.txt" server="ftp.pileum.com/httpdocs/" local="3326760000" remote="93571999356" /><file name="Test.txt" server="ftp.pileum.com/httpdocs/" local="3326760000" remote="37737424508" /><file name="URI.AllowedSchemes.txt" server="ftp.pileum.com/httpdocs/" local="3326760000" remote="97866966652" /><file name="URI.Base.txt" server="ftp.pileum.com/httpdocs/" local="3326760000" remote="54917293692" /><file name="URI.DefaultScheme.txt" server="ftp.pileum.com/httpdocs/" local="3326760000" remote="93571999356" /><file name="URI.DefinitionID.txt" server="ftp.pileum.com/httpdocs/" local="3326760000" remote="89277032060" /><file name="URI.DefinitionRev.txt" server="ftp.pileum.com/httpdocs/" local="3326760000" remote="93571999356" /><file name="URI.Disable.txt" server="ftp.pileum.com/httpdocs/" local="3326760000" remote="67802195580" /><file name="URI.DisableExternal.txt" server="ftp.pileum.com/httpdocs/" local="3326760000" remote="102161933948" /><file name="URI.DisableExternalResources.txt" server="ftp.pileum.com/httpdocs/" local="3326760000" remote="140816639612" /><file name="URI.DisableResources.txt" server="ftp.pileum.com/httpdocs/" local="3326760000" remote="106456901244" /><file name="URI.Host.txt" server="ftp.pileum.com/httpdocs/" local="3326760000" remote="54917293692" /><file name="URI.HostBlacklist.txt" server="ftp.pileum.com/httpdocs/" local="3326760000" remote="93571999356" /><file name="URI.MakeAbsolute.txt" server="ftp.pileum.com/httpdocs/" local="3326760000" remote="89277032060" /><file name="URI.Munge.txt" server="ftp.pileum.com/httpdocs/" local="3326760000" remote="59212260988" /><file name="URI.MungeResources.txt" server="ftp.pileum.com/httpdocs/" local="3326760000" remote="97866966652" /><file name="URI.MungeSecretKey.txt" server="ftp.pileum.com/httpdocs/" local="3326760000" remote="97866966652" /><file name="URI.OverrideAllowedSchemes.txt" server="ftp.pileum.com/httpdocs/" local="3326760000" remote="132226705020" /><file name="URI.txt" server="ftp.pileum.com/httpdocs/" local="3326760000" remote="33442457212" /></dwsync>