<?xml version="1.0" encoding="utf-8" ?><dwsync><file name="ftp.php" server="ftp.pileum.com" local="3326760000" remote="2108329389426627648" /><file name="http.php" server="ftp.pileum.com" local="3326760000" remote="2109446441700840512" /><file name="https.php" server="ftp.pileum.com" local="3326760000" remote="2109452162597278784" /><file name="mailto.php" server="ftp.pileum.com" local="3326760000" remote="2109457883493717056" /><file name="news.php" server="ftp.pileum.com" local="3326760000" remote="2109528475576194112" /><file name="nntp.php" server="ftp.pileum.com" local="3326760000" remote="2109534196472632384" /><file name="ftp.php" server="ftp.pileum.com/httpdocs/" local="3326760000" remote="33442457332" /><file name="http.php" server="ftp.pileum.com/httpdocs/" local="3326760000" remote="37737424628" /><file name="https.php" server="ftp.pileum.com/httpdocs/" local="3326760000" remote="42032391924" /><file name="mailto.php" server="ftp.pileum.com/httpdocs/" local="3326760000" remote="46327359220" /><file name="news.php" server="ftp.pileum.com/httpdocs/" local="3326760000" remote="37737424628" /><file name="nntp.php" server="ftp.pileum.com/httpdocs/" local="3326760000" remote="37737424628" /></dwsync>